date,tp,cin,zust,dndzn,dndza,dctb,tplb,tplt,cbh,deg0l,t2m,lmlt,lmld,lblt,ltlt,lshf,lict,licd,aluvp,aluvd,alnip,alnid,i10fg,ilspf,lsrr,csfr,lssfr,siconc,asn,rsn,sst,istl1,istl2,istl3,istl4,swvl1,swvl2,swvl3,swvl4,cape,lai_lv,lai_hv,u10n,v10n,sp,stl1,sd,chnk,msl,blh,tcc,u10,v10,stl2,stl3,lcc,mcc,hcc,src,iews,ptype,kx,totalx,inss,ishf,ie,skt,stl4,tsn,fal,fsr,flsr,u100,v100,extreme_rain,extreme_temp
2000-01-01,0.0030932279,0.0,0.10364145,-0.57405835,-0.595149,56.145935,64.6263,88.54451,5339.765,4782.161,28.86465000000004,296.9922,8.026593,295.74408,296.51642,0.70043695,273.15045,-1.356422e-20,0.06680812,0.07271153,0.19684434,0.2163929,4.322173,0.011009453,2.3778455e-09,0.0,0.0,0.0,0.87999636,99.999985,0.0,271.46075,271.45978,271.46,271.45996,0.11723328,0.16399479,0.21688521,0.31477165,99.27313,1.6357348,2.1290092,-0.07618493,-0.2921329,98905.01,302.4778,0.0,0.018000074,100813.35,689.9109,0.3585325,-0.0289917,-0.36423326,302.05112,301.48346,0.018803224,0.030718803,0.3295317,1.8758018e-07,-0.016848054,0.039283752,17.106136,36.72284,-0.01506196,-71.341385,-1.4900288e-05,302.64005,300.73694,273.06628,0.14889167,1.1793694,-2.6800556,-0.19851494,-0.7470131,0,0
2000-02-01,0.0007173329999999999,0.0,0.12118447,-0.7516295,-0.76580864,15.207466,19.881092,34.173347,9409.082,4712.62,28.01006000000001,294.73175,13.076281,294.37152,294.64142,0.65720606,273.14996,-1.9123395e-20,0.0809997,0.08934164,0.20965922,0.23370656,4.8565187,0.0037111342,1.3893668e-09,0.0,0.0,0.0,0.8800037,99.999985,0.0,271.45987,271.4599,271.4604,271.45996,0.10700771,0.1480636,0.19691128,0.30305225,23.008972,1.63221,2.1245146,-0.52757454,-1.2485456,99125.195,301.61212,0.0,0.017999992,101040.75,676.9164,0.39489233,-0.46256733,-1.4241037,301.26398,301.22946,0.0066097826,0.004982599,0.3883589,3.2400294e-08,-0.054632604,0.008171082,8.967149,29.756922,-0.071707666,-80.96585,-1.2905162e-05,301.5817,301.0661,273.13342,0.16562879,1.1793709,-2.6805124,-1.1019382,-2.7311487,0,0
2000-03-01,0.12975489,595.18677,0.12430206,-0.5748551,-0.5908248,106.6526,120.65903,149.92812,5690.5996,4713.2754,30.636130000000037,296.82822,9.173533,294.8573,296.0164,0.68262696,273.1494,-2.8548799999999995e-20,0.08521061,0.09424323,0.22772843,0.25535202,4.985585,0.010950115,9.289181e-09,0.0,0.0,0.0,0.87999713,99.999985,0.0,271.4599,271.46045,271.45966,271.45996,0.112807274,0.14612734,0.18372846,0.2918371,288.04517,1.651612,2.242878,-0.035247922,0.10320091,98850.64,304.25473,0.0,0.018000547,100755.195,828.3147,0.515437,-0.020545423,0.032295346,303.42548,302.47504,0.025055466,0.038906414,0.49422368,1.942235e-06,-0.007929448,0.061317444,13.809263,35.451385,0.013773728,-91.0529,-1.3653724e-05,304.24884,301.4132,273.11118,0.17947578,1.1793287,-2.6793098,-0.194799,-0.071353436,0,0
2000-04-01,0.6264199,548.9118,0.1595931,-0.64000285,-0.64290273,189.39587,202.43088,230.88556,2821.8843,4790.6416,31.4966,300.97992,4.543393,295.83667,298.31943,0.78562903,273.14844,-4.2213424e-20,0.07889143,0.08732957,0.24316677,0.27331674,5.897766,0.027968796,7.3716365e-08,0.0,0.0,0.0,0.8799952,99.999985,0.0,271.4599,271.4597,271.45996,271.45996,0.13619035,0.1489551,0.18355215,0.28128463,767.3435,1.6947832,2.457981,0.74213743,1.8346643,98824.6,305.9925,0.0,0.017999846,100730.96,983.5984,0.61524636,0.7316638,1.8302584,305.44354,304.49475,0.09533352,0.09297359,0.5445961,1.041629e-05,0.06990278,0.14595413,28.904228,46.23648,0.1437071,-100.87637,-1.803918e-05,306.05972,302.54883,273.11206,0.1860024,1.1790128,-2.6776075,1.265121,2.9931812,0,0
2000-05-01,2.71106,354.53662,0.14289778,-0.7809915,-0.7835852,108.67929,114.388,129.80623,1907.0151,4802.6616,30.10635000000002,301.27063,4.385995,296.15656,298.51706,0.7995647,273.14966,-4.5330855e-20,0.06632921,0.07366582,0.25375763,0.28554016,5.298979,0.055940688,9.601226e-07,0.0,0.0,0.0,0.8799969,99.999985,0.0,271.45972,271.4602,271.46005,271.45996,0.20378,0.18401921,0.18100494,0.2719587,982.02576,1.7480669,2.7010145,0.65915847,1.6727777,99013.43,304.62375,0.0,0.017999854,100927.34,846.66296,0.5740896,0.65983737,1.6621575,304.4352,304.374,0.15793729,0.11625877,0.43898213,4.7095047e-05,0.051275603,0.31570053,32.807648,46.960796,0.115605414,-77.12633,-2.7268034e-05,304.403,303.51605,273.07294,0.18636104,1.1776601,-2.668397,1.1968665,2.7663326,0,0
2000-06-01,7.8858435,194.70576,0.12041867,-0.8294965,-0.8349055,27.257126,29.604263,37.32495,1182.249,4642.0933,26.56310000000002,299.82867,4.8347254,296.39984,298.0014,0.7918496,273.15057,-4.1915497e-20,0.054226637,0.060209632,0.25900626,0.29156217,4.311221,0.20095938,1.882607e-05,0.0,0.0,0.0,0.88,99.999985,0.0,271.46033,271.45984,271.46027,271.45996,0.35677236,0.3448437,0.24152285,0.26668745,987.94995,1.7809505,2.8148012,0.63405454,1.1905175,99244.45,300.6281,0.0,0.017999701,101172.46,497.05908,0.8333628,0.6288905,1.2227957,300.7575,301.7093,0.36246133,0.1847285,0.7146843,0.00016590022,0.038857445,0.626915,34.606907,46.82799,0.06203848,-23.809555,-3.893899e-05,299.91882,303.23117,273.08408,0.18347277,1.173984,-2.6335354,1.1822813,2.2151089,0,0
2000-07-01,7.549517000000001,144.57693,0.11887586,-0.8198613,-0.82712317,21.069614,22.864342,30.426682,945.26904,4591.69,25.461450000000013,298.85468,5.909869,296.5027,297.6939,0.78481394,273.15082,-1.7917199999999998e-20,0.04689273,0.051889203,0.25926644,0.29204518,4.219305,0.31506348,2.7714777e-05,0.0,0.0,0.0,0.8799934,99.999985,0.0,271.45984,271.46008,271.45996,271.45996,0.3698418,0.36682308,0.33190662,0.2744434,529.68335,1.7803993,2.7834702,0.8641523,1.1069291,99246.914,299.3385,0.0,0.01800001,101178.625,455.15942,0.86696374,0.8548193,1.1413207,299.4572,300.36902,0.40150523,0.39097095,0.72044045,0.00018726086,0.052166373,0.7398453,33.553375,44.70984,0.05850681,-17.088203,-3.6540077e-05,298.52487,302.05344,273.11182,0.17994815,1.1735015,-2.6223917,1.5847113,2.0492172,0,0
2000-08-01,8.356568999999999,134.29875,0.11285013,-0.81394494,-0.8229555,10.760084,12.497271,19.786385,863.0593,4604.325,25.115620000000035,298.4655,6.7770166,296.8712,297.64923,0.74105465,273.15024,-2.1434833e-21,0.044143993,0.04865303,0.25314546,0.28561434,4.103676,0.32238233,3.7195307e-05,0.0,0.0,0.0,0.8799957,99.999985,0.0,271.4602,271.4604,271.4599,271.45996,0.38057828,0.38226807,0.38093507,0.31544244,447.27722,1.7606947,2.6964693,0.69777393,1.0318959,99343.71,298.95685,0.0,0.017999824,101277.625,429.5631,0.8261332,0.69944596,1.0717638,298.97528,299.40332,0.4318779,0.3652766,0.63968545,0.00017165295,0.04200895,0.75138474,33.873024,44.632195,0.05049236,-18.791618,-3.780894e-05,298.39154,300.81784,273.09702,0.1750691,1.1735413,-2.6271944,1.3553951,1.9293175,0,0
2000-09-01,7.1503445999999995,167.75932,0.10568881,-0.7965624,-0.8049406,24.916824,26.936111,35.58252,903.84863,4618.3496,25.785900000000026,299.33545,5.987694,297.3012,298.22153,0.7407739,273.1504,-2.8957941e-21,0.04308247,0.04720503,0.2393071,0.27060333,3.9309788,0.26180506,2.491445e-05,0.0,0.0,0.0,0.88000226,99.999985,0.0,271.45975,271.4597,271.46005,271.45996,0.38050902,0.3829589,0.38150978,0.34987158,779.0925,1.7934275,2.8401499,0.46889663,1.0783213,99200.69,299.57108,0.0,0.018000022,101130.484,427.27728,0.8215536,0.4682389,1.1140996,299.48743,299.72192,0.41524017,0.2607757,0.6654146,0.0001868823,0.027300224,0.7101288,33.146057,45.562763,0.051884107,-20.73848,-4.0334722e-05,298.9523,300.21234,273.09283,0.16650808,1.1735721,-2.6241446,0.93054795,2.0274715,0,0
2000-10-01,2.2856686,248.10327,0.094392955,-0.54582745,-0.5645322,99.007355,107.7406,132.52812,1468.7092,4640.575,26.813680000000033,299.9266,5.135065,297.4303,298.52582,0.748443,273.15033,-7.972816e-21,0.04122132,0.044343688,0.21768552,0.2462512,3.9283285,0.13229775,2.9419425e-06,0.0,0.0,0.0,0.88000226,99.999985,0.0,271.4598,271.46,271.45996,271.45996,0.31613052,0.3318135,0.34593743,0.35924518,893.75903,1.8208046,2.9654655,0.30035955,0.91518164,99198.14,300.41003,0.0,0.017999876,101123.43,485.1709,0.6890091,0.3138137,0.9814725,300.14526,299.9424,0.23947513,0.16444182,0.562213,9.290624e-05,0.014776237,0.4396782,29.906528,43.419464,0.041347936,-35.48259,-4.172281e-05,300.1999,299.94287,273.07996,0.1523022,1.1766596,-2.653861,0.68730235,1.8222303,0,0
2000-11-01,0.008929558,577.3779,0.088473976,-0.18931311,-0.24255562,99.18817,122.33655,176.29654,4152.104,4743.3584,28.103300000000047,299.04498,6.573118,297.41357,298.17828,0.7376195,273.14975,-4.8048595e-21,0.043752957,0.04682776,0.20168075,0.22690979,3.8664627,0.030208802,2.6631255e-08,0.0,0.0,0.0,0.8799976,99.999985,0.0,271.46008,271.4599,271.45987,271.45996,0.16292825,0.2164486,0.28017545,0.34585488,128.3915,1.7725005,2.7572508,0.14771539,0.105811715,99003.984,301.3671,0.0,0.018000126,100916.0,583.7568,0.3776242,0.22664982,0.12534285,301.08322,300.8339,0.046160102,0.0572545,0.3069595,8.628404e-07,-0.0007280372,0.088150024,19.007769,37.177116,-0.00019343942,-59.372482,-2.891945e-05,301.45654,300.2519,273.05933,0.14298382,1.1793325,-2.679698,0.35090017,0.24290279,0,0
2000-12-01,0.0010148797,0.0,0.095285386,-0.4809379,-0.51573473,34.770676,46.194473,77.55971,7415.375,4847.21,27.13207,296.0774,11.230343,295.60825,295.9198,0.6717756,273.14944,-1.18411745e-20,0.054362655,0.05868685,0.1914711,0.2124899,4.0725965,0.010908862,7.814435e-09,0.0,0.0,0.0,0.8800043,99.999985,0.0,271.45993,271.46005,271.45993,271.45996,0.13172737,0.17497301,0.2441386,0.32991022,22.595137,1.6867046,2.3658524,-0.1159547,-0.7051383,99136.34,300.5041,0.0,0.017999936,101052.94,548.9839,0.34254634,-0.048140883,-0.8859401,300.2964,300.34344,0.018534388,0.0071892818,0.32302684,1.4990655e-07,-0.018122565,0.022079468,12.616276,32.968666,-0.030314345,-61.37961,-1.9110375e-05,300.63123,300.41095,273.01257,0.14056687,1.1793681,-2.6799488,-0.3603716,-1.7390785,0,0
2001-01-01,0.00026948692,0.0,0.095581114,-0.52825403,-0.56006485,21.564072,28.17522,51.973473,8878.852,4791.8545,26.961420000000032,295.03778,12.578049,294.79346,294.97272,0.6571022,273.15002,-1.0982474e-20,0.06680812,0.07271153,0.19684434,0.2163929,4.141552,0.005153954,2.491987e-09,0.0,0.0,0.0,0.8800031,99.999985,0.0,271.4602,271.46027,271.46005,271.45996,0.11623412,0.15909868,0.22395319,0.3164426,16.06999,1.6357348,2.1290092,-0.24156225,-0.79552317,99134.26,300.2678,0.0,0.017999843,101050.516,577.6201,0.32909942,-0.1799621,-1.0359392,300.02216,300.2102,0.008946643,0.004334499,0.31753674,1.5937894e-07,-0.028143723,0.013217926,-0.7290077,30.357092,-0.0362305,-67.977615,-1.5143734e-05,300.28342,300.35266,273.08362,0.14889167,1.1793644,-2.6799555,-0.5980139,-1.9907064,0,0
2001-02-01,0.0012009987,0.0,0.107037544,-0.5769323,-0.60373,28.7799,38.452377,64.113434,8079.2773,4758.448,28.484950000000026,294.7573,11.04187,293.9221,294.47446,0.66018015,273.14984,-1.654866e-20,0.080893785,0.0892182,0.20944163,0.23343396,4.4512033,0.0055372757,2.778762e-09,0.0,0.0,0.0,0.8800019,99.999985,0.0,271.46054,271.45978,271.4596,271.45996,0.10912882,0.15201294,0.20994502,0.3051468,39.209717,1.6320617,2.1235275,-0.2043969,-0.8425102,99007.43,301.77704,0.0,0.01799976,100918.25,620.6294,0.34236518,-0.13564295,-0.9869652,301.05945,300.5455,0.010053173,0.010970987,0.3299449,1.01580554e-07,-0.02718848,0.012893677,8.015343,30.803192,-0.04737234,-77.03111,-1.4081343e-05,301.68744,300.29993,273.11508,0.1654273,1.1793733,-2.6801853,-0.5090122,-1.9344854,0,0
2001-03-01,0.03841785,633.63525,0.12387395,-0.4390396,-0.45475924,169.32623,196.8139,246.75806,3822.3574,4596.6978,31.377200000000016,299.62903,4.871396,294.95877,297.22437,0.75299627,273.14987,-2.6054273e-20,0.08519429,0.094222516,0.22765714,0.25526482,5.0001783,0.025672378,1.32216655e-08,0.0,0.0,0.0,0.8800062,99.999985,0.0,271.45996,271.4599,271.46014,271.45996,0.10165107,0.13940221,0.19151336,0.29447013,421.79736,1.65155,2.2424278,0.5838058,0.84776366,98895.625,305.34415,0.0,0.017999586,100801.31,916.45764,0.6388488,0.6184776,0.896737,304.29987,302.98236,0.051822796,0.09819007,0.573018,7.9035965e-07,0.040434092,0.11090088,23.088936,41.373295,0.05705236,-95.38107,-1.3131776e-05,305.35944,301.0652,273.12762,0.17941558,1.1793725,-2.6797104,1.1179981,1.615346,0,0
2001-04-01,2.1803484,395.1822,0.14476681,-0.6730532,-0.6796598,127.0114,139.51213,164.50409,2613.531,4791.6396,30.006740000000036,300.7589,4.79241,295.49167,297.91653,0.78662205,273.14948,-4.9550258e-20,0.07889143,0.08732957,0.24316677,0.27331674,5.340472,0.06211537,1.4759935e-06,0.0,0.0,0.0,0.8800039,99.999985,0.0,271.45978,271.45984,271.4598,271.45996,0.19572115,0.15572476,0.1784178,0.2839778,921.07324,1.6947832,2.457981,0.70487213,1.6331615,98922.266,304.36462,0.0,0.018000208,100833.69,801.43634,0.75101256,0.7080364,1.646502,304.0312,303.62018,0.13078034,0.1046503,0.7056525,4.3554362e-05,0.05394467,0.266613,30.161766,46.12245,0.11264104,-76.52348,-2.4737084e-05,304.17664,302.2729,273.0542,0.1860024,1.1774604,-2.6682196,1.2926917,2.7803965,0,0
2001-05-01,1.4732912999999999,322.8497,0.14230931,-0.78338933,-0.78660357,111.12912,116.85939,132.72787,1956.6484,4783.953,29.44174000000004,300.97787,4.909169,295.75403,298.21472,0.7867481,273.14948,-5.466272999999999e-20,0.06632921,0.07366582,0.25375763,0.28554016,5.185672,0.06927645,3.8727217e-07,0.0,0.0,0.0,0.87999684,99.999985,0.0,271.45972,271.4604,271.4601,271.45996,0.21756977,0.20367754,0.18153477,0.27567494,953.0928,1.7480669,2.7010145,0.5524585,1.6942482,99059.69,303.59982,0.0,0.017999984,100975.71,770.1239,0.75384486,0.552914,1.6787348,303.4134,303.23236,0.23051292,0.12716286,0.65313846,3.893899e-05,0.040638495,0.32131958,33.413387,47.581024,0.11082369,-60.455597,-2.923952e-05,303.4629,302.78308,273.0278,0.18636149,1.1781123,-2.66848,1.0150828,2.7792025,0,0
2001-06-01,3.773504,168.16577,0.13321686,-0.87751347,-0.88123584,32.367847,33.76659,40.10949,1050.5752,4657.828,27.36080000000004,299.82407,5.0605354,295.8712,297.73474,0.7867668,273.15103,-4.1420358e-20,0.054226637,0.060209632,0.25900626,0.29156217,4.7639894,0.13186198,2.5472073e-06,0.0,0.0,0.0,0.8799993,99.999985,0.0,271.4602,271.45984,271.46008,271.45996,0.27964145,0.23625028,0.18401855,0.268597,676.40454,1.7809505,2.8148012,0.8357439,1.5002017,99256.8,301.57062,0.0,0.01799991,101183.41,648.334,0.7224884,0.82108045,1.5111542,301.58246,302.17734,0.3648106,0.17694527,0.5079396,0.0001119153,0.056734487,0.5787811,33.627113,46.806145,0.08816141,-40.637108,-3.3385048e-05,300.9143,302.78323,273.09894,0.18347242,1.1760446,-2.6455307,1.4825208,2.6043901,0,0
2001-07-01,5.2238214,118.53229,0.13413894,-0.8872714,-0.89300245,5.4216948,6.0437794,10.288711,946.55176,4666.1284,26.167930000000013,298.84045,6.0873327,295.95508,297.4219,0.782988,273.1507,-1.9590487e-20,0.04689273,0.051889203,0.25926644,0.29204518,4.6660013,0.269899,1.428539e-05,0.0,0.0,0.0,0.88000095,99.999985,0.0,271.45993,271.46,271.45972,271.45996,0.34285098,0.3240311,0.22405207,0.26439506,440.31543,1.7803993,2.7834702,1.0648589,1.3667614,99310.47,299.99585,0.0,0.01799995,101242.2,531.5901,0.8108917,1.0562816,1.4009256,299.93286,300.76184,0.3852641,0.3413027,0.6518652,0.00016172847,0.06937659,0.7100258,33.595833,44.726273,0.077362,-22.3115,-3.711568e-05,299.068,302.12427,273.14017,0.17994815,1.1748748,-2.626069,1.9297123,2.4943485,0,0
2001-08-01,6.471693500000001,129.40685,0.13024223,-0.8524138,-0.8597415,4.7615414,5.7479057,10.93112,817.7742,4702.2812,25.317859999999996,298.09296,6.8876457,296.08783,297.14752,0.76740795,273.1495,-3.438231e-21,0.044143993,0.04865303,0.25314546,0.28561434,4.4065437,0.41617888,3.0478812e-05,0.0,0.0,0.0,0.88000304,99.999985,0.0,271.45987,271.45953,271.46014,271.45996,0.37142146,0.36644518,0.3169375,0.2735842,272.53815,1.7606947,2.6964693,1.1091394,1.103378,99426.82,299.02072,0.0,0.017999869,101362.5,454.4773,0.868255,1.1008071,1.1505921,298.93353,299.50827,0.57506496,0.45710266,0.6241624,0.00018659221,0.07034832,0.80273056,34.14985,44.0364,0.05837682,-12.638437,-3.375815e-05,298.1772,300.98984,273.12848,0.1750691,1.1736672,-2.618064,2.0095463,2.0815506,0,0
2001-09-01,6.4827744,163.065,0.10828233,-0.8020556,-0.8105234,16.882538,18.988287,27.069296,907.14355,4631.8926,25.894920000000013,299.1652,5.460539,296.4491,297.69586,0.76558447,273.1506,-2.3752219e-21,0.04308247,0.04720503,0.2393071,0.27060333,3.97334,0.2593122,1.3274654e-05,0.0,0.0,0.0,0.88000035,99.999985,0.0,271.46014,271.46008,271.46002,271.45996,0.3769241,0.37787294,0.36478132,0.3007611,741.59863,1.7934275,2.8401499,0.5321896,0.93897367,99242.14,299.71027,0.0,0.01799998,101172.6,434.43823,0.82921207,0.53635705,0.9732778,299.5312,299.6637,0.43340504,0.2663132,0.6566762,0.00019666928,0.03127761,0.7201309,33.58744,45.636646,0.044204563,-21.398453,-4.074505e-05,298.94427,300.23486,273.08545,0.1665076,1.1735245,-2.6202354,1.0271931,1.7506666,0,0
2001-10-01,0.8629216,358.0357,0.090647936,-0.3999871,-0.42795372,106.93173,120.33066,154.1034,2401.3784,4694.558,27.576350000000048,300.20218,4.6899652,296.484,298.13574,0.7785713,273.15027,-6.921996e-21,0.04122132,0.044343688,0.21768552,0.2462512,3.9454327,0.058183666,4.3062897e-07,0.0,0.0,0.0,0.8800005,99.999985,0.0,271.46027,271.46008,271.45996,271.45996,0.26723653,0.29461944,0.32842636,0.31699914,724.4719,1.8208046,2.9654655,-0.015441477,0.67622375,99176.19,301.1988,0.0,0.017999489,101097.54,526.129,0.54150707,0.008370578,0.76575065,300.82397,300.4937,0.13785952,0.12450829,0.42735964,3.8201277e-05,-0.00552034,0.29026794,28.16118,42.658173,0.02491945,-45.888885,-3.996717e-05,300.88733,300.12943,273.0916,0.15230215,1.1785955,-2.6667461,0.08241076,1.4786897,0,0
2001-11-01,0.026459049,612.31793,0.093036056,-0.3436883,-0.375746,96.1788,113.06326,153.76163,3697.3555,4811.703,28.82480000000004,299.2043,5.5669756,296.502,297.82382,0.7763545,273.14993,-1.4255763e-20,0.043752957,0.04682776,0.20168075,0.22690979,4.0388603,0.03057154,2.1514325e-08,0.0,0.0,0.0,0.8799976,99.999985,0.0,271.4603,271.45996,271.45996,271.45996,0.1346201,0.18923002,0.2575512,0.30782717,96.48697,1.7725005,2.7572508,0.20828289,0.31915233,99083.83,302.35825,0.0,0.018000115,100997.375,670.953,0.31799674,0.2462666,0.38877875,301.90747,301.3951,0.04779187,0.053024337,0.24313301,1.0055451e-06,0.00810368,0.098869324,22.913206,37.825787,0.01075232,-69.39035,-2.3969144e-05,302.43164,300.5883,273.04672,0.14298382,1.1793476,-2.679552,0.42232293,0.77267027,0,0
2001-12-01,0.0037563805000000003,0.0,0.09030199,-0.46512198,-0.4956026,44.38121,57.34827,91.56587,5263.123,4855.4883,28.77648000000005,297.59113,7.3924522,296.44342,297.06418,0.73378897,273.15015,-5.723169e-21,0.054362655,0.05868685,0.1914711,0.2124899,3.9858499,0.011537511,4.812506e-09,0.0,0.0,0.0,0.8800031,99.999985,0.0,271.46005,271.45996,271.4604,271.45996,0.114382476,0.15779895,0.21781391,0.2964689,45.6292,1.6867046,2.3658524,-0.049544632,-0.33151728,99019.42,302.27295,0.0,0.017999828,100929.016,618.12866,0.19449651,0.02896285,-0.44596833,302.00604,301.8337,0.022785831,0.02380173,0.15252483,1.6149897e-07,-0.01430282,0.029132843,13.747793,34.906757,-0.016739927,-69.560104,-1.51910535e-05,302.3169,301.1637,273.04922,0.14056687,1.1793725,-2.6799269,-0.11216736,-0.8275013,0,0
2002-01-01,0.0006673945,0.0,0.11571634,-0.76451993,-0.7786852,5.004324,6.795599,16.404125,9929.393,4756.339,27.093440000000044,295.00485,13.560341,294.89905,294.979,0.65896976,273.14966,-1.2717311e-20,0.06680812,0.07271153,0.19684434,0.2163929,4.6797523,0.0008614138,3.9383963e-10,0.0,0.0,0.0,0.8800038,99.999985,0.0,271.4599,271.46008,271.45978,271.45996,0.10733944,0.14966643,0.20412934,0.28647447,8.17804,1.6357348,2.1290092,-0.72398853,-1.1479521,99169.83,300.8523,0.0,0.018000133,101087.664,604.5513,0.4469893,-0.6990242,-1.3628502,300.8318,301.10092,0.0019723105,0.0062850006,0.44433933,1.93495e-08,-0.0613243,0.0026016235,9.728668,30.903744,-0.06082946,-72.72406,-1.2905501e-05,300.93317,301.32635,272.97055,0.14888944,1.179375,-2.6803875,-1.5208931,-2.6117544,0,0
2002-02-01,0.009530748,0.0,0.10878605,-0.5885174,-0.6046197,81.84512,97.60631,131.24568,5188.6523,4861.6777,29.741900000000044,296.02945,9.177469,294.7459,295.4946,0.67486477,273.1504,-2.1049507e-20,0.080893785,0.0892182,0.20944163,0.23343396,4.526066,0.007572358,2.3630378e-09,0.0,0.0,0.0,0.87999874,99.999985,0.0,271.45953,271.4605,271.4599,271.45996,0.09921233,0.13902456,0.19078243,0.27794933,134.1303,1.6320617,2.1235275,0.13697416,-0.36109227,99018.84,303.36328,0.0,0.018000148,100927.664,729.1696,0.32625985,0.14840531,-0.46459198,302.5915,301.76825,0.015657824,0.037927702,0.29244483,1.7906503e-07,0.004373625,0.031333923,17.461739,35.003475,-0.017341472,-85.67087,-1.1289387e-05,303.54996,301.26398,273.08124,0.16542566,1.1793668,-2.6800127,0.109023094,-0.8553381,0,0
2002-03-01,0.6527267400000001,486.1643,0.13637942,-0.5590216,-0.568929,157.25758,175.10736,209.326,2939.9648,4822.28,31.292380000000037,300.5366,4.9113207,296.12213,298.21362,0.7691353,273.14984,-3.5678423e-20,0.08519429,0.094222516,0.22765714,0.25526482,5.2937,0.025789957,1.2522085e-07,0.0,0.0,0.0,0.8800049,99.999985,0.0,271.45984,271.46,271.46002,271.45996,0.13858742,0.13669062,0.17538136,0.26968622,549.64526,1.65155,2.2424278,0.62535965,1.2293341,98875.31,305.601,0.0,0.017999671,100781.61,930.06464,0.5970274,0.62467074,1.263813,304.83276,303.78656,0.05508424,0.104423925,0.5396802,1.0616361e-05,0.048188463,0.15182114,26.914354,43.2835,0.08950001,-95.16777,-1.5557322e-05,305.6521,302.09433,273.10464,0.17941794,1.178787,-2.6776848,1.1072104,2.163168,0,0
2002-04-01,1.8924982,382.12622,0.15213668,-0.7378392,-0.7413324,111.35202,119.13083,137.05241,2525.3015,4833.159,30.513149999999996,301.21466,4.9252605,296.4662,298.63428,0.784389,273.1498,-4.0117607e-20,0.07889143,0.08732957,0.24316677,0.27331674,5.5453444,0.036425523,4.3342294e-07,0.0,0.0,0.0,0.8800069,99.999985,0.0,271.45984,271.46,271.4601,271.45996,0.20036739,0.163706,0.17019546,0.26165605,919.3841,1.6947832,2.457981,0.9710684,1.7781687,98789.664,304.9143,0.0,0.017999876,100697.56,867.77576,0.81752026,0.95575273,1.7673087,304.57074,304.14102,0.11861867,0.12756023,0.7777113,3.838232e-05,0.07468578,0.24301529,33.081867,47.467205,0.12781286,-79.49292,-2.5970483e-05,304.8034,303.08127,273.06866,0.1860024,1.1777508,-2.6693506,1.6777668,2.9366722,0,0
2002-05-01,1.8534334,332.06573,0.15341699,-0.817083,-0.81920785,86.926056,91.48694,104.29172,2041.8447,4836.552,29.97335000000004,301.17407,5.097272,296.68976,298.7715,0.7843939,273.14954,-5.3770662e-20,0.06632921,0.07366582,0.25375763,0.28554016,5.5210114,0.054086044,4.905585e-07,0.0,0.0,0.0,0.88000256,99.999985,0.0,271.45996,271.46027,271.45978,271.45996,0.21679974,0.18759722,0.16261154,0.25449103,1096.1605,1.7480669,2.7010145,0.90232885,1.8870173,99011.734,304.38998,0.0,0.018000018,100925.74,822.88025,0.6767491,0.8958845,1.8545938,304.20325,304.0456,0.14758205,0.12466371,0.5887534,4.60476e-05,0.06423505,0.30121613,33.082584,47.589348,0.13045043,-71.46608,-2.8676724e-05,304.28802,303.51825,273.03644,0.18636149,1.1774676,-2.6696272,1.6187122,3.0495996,0,0
2002-06-01,4.886659,228.57117,0.13531876,-0.85579,-0.8600366,43.09523,45.185577,53.215057,1305.3943,4723.8223,27.460230000000024,299.97122,5.620019,296.7577,298.29132,0.7787169,273.15015,-4.4637942e-20,0.054226637,0.060209632,0.25900626,0.29156217,4.748143,0.1278733,3.3726828e-06,0.0,0.0,0.0,0.88000053,99.999985,0.0,271.4604,271.4598,271.4602,271.45996,0.31088865,0.28186285,0.17488718,0.2488178,729.05347,1.7809505,2.8148012,0.62972,1.5461836,99262.55,301.52805,0.0,0.018000133,101188.8,599.20856,0.7836535,0.6245614,1.5611901,301.5575,302.39294,0.3441007,0.15581098,0.6172632,0.00011676643,0.041041493,0.5287018,34.63652,46.85744,0.09120247,-32.89196,-3.510899e-05,300.85114,303.42798,273.07526,0.18347244,1.1752865,-2.6485415,1.1990404,2.6825638,0,0
2002-07-01,5.4470600000000005,155.28683,0.127123,-0.8860851,-0.8904034,18.007196,19.073486,24.35118,959.6682,4738.3403,26.52737000000002,299.65894,5.689164,296.8808,298.19092,0.7741314,273.14935,-1.8341997e-20,0.04689273,0.051889203,0.25926644,0.29204518,4.453204,0.23510754,7.976697e-06,0.0,0.0,0.0,0.8800013,99.999985,0.0,271.46002,271.4597,271.4604,271.45996,0.3383804,0.31963563,0.2213797,0.24622017,595.9392,1.7803993,2.7834702,0.7784896,1.4074965,99345.06,300.62454,0.0,0.018000022,101275.42,523.64575,0.8463634,0.77013135,1.4327068,300.67896,301.37512,0.39930177,0.23465568,0.718847,0.00016030576,0.049331825,0.6995964,34.252018,45.62279,0.07540198,-25.039413,-3.7873375e-05,299.8409,302.62708,273.0948,0.17994815,1.1739504,-2.6345139,1.4380848,2.5334435,0,0
2002-08-01,10.820974000000001,114.668915,0.11661023,-0.826115,-0.834677,9.662542,10.922458,17.714993,800.2294,4742.9707,25.710350000000005,298.90158,6.6494637,296.96417,297.90805,0.7487726,273.15063,-2.5852155000000002e-21,0.044143993,0.04865303,0.25314546,0.28561434,4.166953,0.36995375,5.7593672e-05,0.0,0.0,0.0,0.8799964,99.999985,0.0,271.46002,271.46027,271.4604,271.45996,0.3808676,0.37881398,0.34365958,0.26159638,416.9928,1.7606947,2.6964693,0.66648173,1.1217114,99325.66,299.5761,0.0,0.0179996,101258.31,436.64423,0.83622646,0.6506741,1.1552844,299.46808,300.10037,0.45348072,0.36925566,0.6740979,0.00019643594,0.04459323,0.78710556,34.4124,44.156498,0.05810533,-20.030113,-3.8381644e-05,298.72675,301.58325,273.10367,0.1750691,1.173265,-2.616232,1.2274313,2.0812483,1,0
2002-09-01,7.242456000000001,166.79373,0.10805267,-0.7537092,-0.7656191,20.658226,23.003212,33.06572,935.69507,4689.8623,26.138149999999996,299.6643,5.545409,297.3047,298.3335,0.74777186,273.14896,-1.8930307e-21,0.04308247,0.04720503,0.2393071,0.27060333,4.04311,0.22852772,2.3936009e-05,0.0,0.0,0.0,0.87999785,99.999985,0.0,271.45972,271.45975,271.4602,271.45996,0.37518865,0.3762219,0.37603062,0.31129068,800.15454,1.7934275,2.8401499,0.25866395,1.0615296,99254.734,300.02222,0.0,0.01799998,101183.77,438.81958,0.7630017,0.2679057,1.0956569,299.9443,300.09546,0.3795184,0.20216238,0.59289324,0.00016741063,0.015624229,0.66202164,33.36634,45.95782,0.0519735,-23.577217,-4.2037784e-05,299.4435,300.78662,273.08618,0.16650829,1.1742514,-2.6302032,0.60281324,1.9683533,0,0
2002-10-01,3.9005512,236.8757,0.08860919,-0.5665632,-0.5839956,88.196075,97.413895,121.0374,1619.833,4639.0195,26.56194000000005,300.12646,5.1930494,297.65088,298.6919,0.74640965,273.1496,-7.498496e-21,0.04122132,0.044343688,0.21768552,0.2462512,3.7521982,0.15352303,7.4287454e-06,0.0,0.0,0.0,0.88000214,99.999985,0.0,271.45987,271.4603,271.45996,271.45996,0.3480546,0.3548584,0.35712588,0.3184783,917.7446,1.8208046,2.9654655,0.2320751,0.7339711,99161.68,300.32724,0.0,0.018000286,101086.73,440.61487,0.76880646,0.2518896,0.7954383,300.1955,300.27502,0.23592836,0.2191523,0.64531684,0.00012618235,0.010214634,0.50940704,31.83303,44.2323,0.029971857,-30.994675,-4.2058033e-05,299.90244,300.55817,273.09674,0.15230227,1.1758124,-2.6424055,0.5687915,1.4754696,0,0
2002-11-01,0.18746796000000002,515.4707,0.082442194,-0.19994605,-0.24355954,134.88365,155.32678,205.78299,3258.8616,4753.8926,27.661500000000046,299.34543,5.9707003,297.52838,298.3311,0.73942786,273.1496,-9.093403e-21,0.043752957,0.04682776,0.20168075,0.22690979,3.6666985,0.04174289,8.038705e-08,0.0,0.0,0.0,0.8800015,99.999985,0.0,271.45987,271.45984,271.45996,271.45996,0.18138719,0.22866166,0.2875601,0.31539416,183.00726,1.7725005,2.7572508,0.10362357,0.22621812,99158.14,300.99393,0.0,0.017999336,101075.57,561.047,0.38177097,0.117967665,0.2546568,300.71817,300.6674,0.07537566,0.09232822,0.30563068,9.820549e-06,0.003083516,0.1320839,18.044987,37.889748,0.006981224,-55.369644,-2.9727555e-05,301.0146,300.5448,273.0849,0.14298382,1.1792036,-2.675578,0.2259112,0.5476341,0,0
2002-12-01,0.008653151,376.9502,0.10584077,-0.59049016,-0.6097008,56.559235,64.17833,87.22911,5274.88,4884.591,27.846150000000023,297.2,9.6623535,296.31686,296.78308,0.7034497,273.1497,-6.870194e-21,0.054362655,0.05868685,0.1914711,0.2124899,4.4050636,0.014006468,4.1910795e-09,0.0,0.0,0.0,0.8800012,99.999985,0.0,271.4602,271.46005,271.4599,271.45996,0.11760387,0.16174823,0.2321195,0.30320096,100.2287,1.6867046,2.3658524,-0.18612725,-0.5683597,99211.26,301.29083,0.0,0.01800058,101129.125,610.6407,0.31724805,-0.16395134,-0.67288685,301.14124,301.16168,0.023855437,0.020073,0.2931907,5.139159e-07,-0.022485431,0.051101685,11.182892,33.236233,-0.032008514,-66.89458,-1.6874852e-05,301.44162,300.8093,273.09167,0.14056687,1.1793746,-2.679947,-0.4918661,-1.2797956,0,0
2003-01-01,0.019565647999999998,508.20142,0.09565708,-0.5454379,-0.56437516,80.32977,94.77927,128.46924,4634.5454,4825.5083,28.81283000000002,296.3992,7.9155397,294.43445,295.59055,0.68597215,273.15002,-1.0323576e-20,0.06680812,0.07271153,0.19684434,0.2163929,4.1555843,0.011550039,5.9299907e-09,0.0,0.0,0.0,0.8800011,99.999985,0.0,271.45972,271.4601,271.46017,271.45996,0.112380534,0.14976317,0.20652086,0.29185802,129.47986,1.6357348,2.1290092,0.313294,-0.22134095,99143.664,302.4246,0.0,0.017999444,101057.34,659.46094,0.35348815,0.33241773,-0.32313174,301.8266,301.19925,0.027396977,0.06563665,0.29459512,8.0527485e-07,0.015931953,0.041950226,14.301109,35.891056,-0.009148836,-74.14096,-1.2843433e-05,302.48004,300.83032,273.08072,0.14889167,1.1793457,-2.6797,0.49081367,-0.5594206,0,0
2003-02-01,0.035640856,602.7879,0.11108202,-0.50897926,-0.5263603,112.09941,132.37456,171.48026,4592.0723,4797.7974,31.01943,298.7765,5.330185,295.3758,297.06714,0.78139293,273.14972,-1.0767219e-20,0.080893785,0.0892182,0.20944163,0.23343396,4.6207123,0.012160788,9.61154e-09,0.0,0.0,0.0,0.88000226,99.999985,0.0,271.45972,271.4602,271.46014,271.45996,0.10959533,0.14394909,0.1850329,0.28219414,302.12958,1.6320617,2.1235275,0.39909464,0.35092872,98947.14,304.80594,0.0,0.017999753,100852.086,792.5989,0.57957673,0.38731772,0.33249784,304.06702,303.01453,0.032132596,0.055687055,0.5539462,7.6707215e-07,0.025278598,0.060142517,19.53775,38.9072,0.024184091,-86.78682,-1.1657161e-05,304.91034,301.51996,273.10413,0.1654273,1.1793559,-2.6798134,0.59844947,0.5420668,0,0
2003-03-01,0.047646437,575.6618,0.1211361,-0.58662575,-0.5987212,126.89993,143.96869,177.79129,3798.9001,4731.2725,31.831140000000005,300.03973,4.89989,295.6631,297.75854,0.78751665,273.15015,-2.6292749999999998e-20,0.08519429,0.094222516,0.22765714,0.25526482,4.9448566,0.0136444215,1.3726549e-08,0.0,0.0,0.0,0.88000244,99.999985,0.0,271.4596,271.4602,271.46,271.45996,0.10682735,0.13202637,0.16991282,0.2728871,425.46655,1.65155,2.2424278,0.40040308,0.4670967,98891.05,306.02673,0.0,0.018000461,100794.125,924.8739,0.41835892,0.42410386,0.46127254,305.27197,304.23474,0.03222059,0.08016151,0.3606941,1.0470239e-06,0.025253482,0.06645203,22.02207,40.624256,0.03158246,-102.02069,-1.0996755e-05,306.1208,302.56168,273.11627,0.17941558,1.1793664,-2.6799116,0.7152909,0.78979516,0,0
2003-04-01,1.3364477,433.82574,0.1553058,-0.7327442,-0.7364104,136.85587,145.32593,166.06172,2353.049,4813.867,30.629700000000014,301.05548,4.7817316,295.92606,298.3628,0.7937951,273.15015,-4.0115836e-20,0.07889143,0.08732957,0.24316677,0.27331674,5.6979637,0.044871807,4.3342658e-07,0.0,0.0,0.0,0.8799988,99.999985,0.0,271.45987,271.4599,271.46014,271.45996,0.17778897,0.14729059,0.1678868,0.26402068,790.80493,1.6947832,2.457981,0.86777925,1.7184706,98930.24,305.15497,0.0,0.017999705,100839.875,913.4946,0.6665094,0.8628385,1.705852,304.9198,304.57465,0.10898876,0.14466028,0.5973462,2.1845255e-05,0.070844315,0.26097107,31.414822,46.684883,0.12924778,-85.05316,-2.1366155e-05,305.28748,303.5329,273.07117,0.1860024,1.1784074,-2.6741285,1.5068617,2.79323,0,0
2003-05-01,2.2403111,367.30832,0.15206414,-0.7484349,-0.7538912,97.25589,106.40221,124.50632,2177.5757,4815.9673,30.463220000000035,301.0167,4.8523693,296.1676,298.49142,0.79483485,273.1504,-6.0798344e-20,0.06632921,0.07366582,0.25375763,0.28554016,5.5797167,0.06797542,3.6646852e-06,0.0,0.0,0.0,0.8799957,99.999985,0.0,271.45987,271.46,271.46002,271.45996,0.17550379,0.16349286,0.16476852,0.25580698,728.3528,1.7480669,2.7010145,0.8220391,1.8322039,99042.52,305.10693,0.0,0.017999776,100955.57,907.5692,0.67882824,0.8104074,1.8111706,304.97632,304.8153,0.15641868,0.14860415,0.59119105,4.1300824e-05,0.068368375,0.27019882,30.523985,45.41984,0.13432801,-84.79547,-1.9810475e-05,305.04,304.06628,273.03455,0.18636104,1.1780375,-2.6689806,1.378376,2.9205484,0,0
2003-06-01,5.362995,161.14822,0.11786723,-0.8102038,-0.8166646,28.517498,30.752441,39.179306,1051.0759,4727.517,26.91805000000005,300.11862,4.8564444,296.3399,298.10345,0.7935591,273.149,-4.115963e-20,0.054226637,0.060209632,0.25900626,0.29156217,4.323207,0.18249291,8.602816e-06,0.0,0.0,0.0,0.8800045,99.999985,0.0,271.4603,271.45996,271.45975,271.45996,0.3346706,0.31574386,0.20137095,0.2504031,879.93115,1.7809505,2.8148012,0.7362797,1.1607809,99222.58,301.13025,0.0,0.018000145,101149.3,542.2533,0.7925459,0.7303815,1.1861658,301.26666,302.2976,0.3219942,0.18916261,0.6720931,0.00013845878,0.044790037,0.6360245,33.793232,46.085983,0.061935112,-32.490234,-3.882112e-05,300.4399,303.8275,273.06317,0.18347242,1.1746964,-2.6418228,1.3383732,2.0901718,0,0
2003-07-01,4.0993569999999995,133.6777,0.116255224,-0.7978381,-0.8080473,18.088863,19.913225,28.698257,1056.8284,4707.4316,26.339530000000025,299.45108,5.841858,296.5219,298.00067,0.78478,273.14893,-2.0150908e-20,0.04689273,0.051889203,0.25926644,0.29204518,4.225231,0.19834566,6.0731645e-06,0.0,0.0,0.0,0.87999856,99.999985,0.0,271.46027,271.45953,271.4603,271.45996,0.3383007,0.3297608,0.26368952,0.24886715,455.3872,1.7803993,2.7834702,0.93299353,1.0700532,99346.805,300.4142,0.0,0.017999709,101277.51,511.7246,0.79661894,0.9032575,1.096842,300.42056,301.0377,0.31447256,0.28001,0.6369828,0.00014919334,0.061182722,0.6617012,33.627922,44.755775,0.057876915,-31.34584,-4.041786e-05,299.67413,302.65475,273.1052,0.17994815,1.175127,-2.6316261,1.6071482,1.9384756,0,0
2003-08-01,7.2557423,124.855545,0.11314154,-0.8006183,-0.8098518,11.555489,13.082682,20.643276,883.42725,4691.1084,25.825860000000034,299.08588,6.094881,296.6499,297.89795,0.7801203,273.15045,-2.7409033e-21,0.044143993,0.04865303,0.25314546,0.28561434,4.0927334,0.32781047,2.702039e-05,0.0,0.0,0.0,0.8800045,99.999985,0.0,271.45972,271.4596,271.4601,271.45996,0.36598408,0.3585047,0.31123132,0.2549572,454.32642,1.7606947,2.6964693,0.8009454,0.9916291,99334.13,299.74744,0.0,0.017999645,101266.45,429.86517,0.8420121,0.78106475,1.0200884,299.72113,300.41214,0.432319,0.40970176,0.6812329,0.00018896378,0.049698748,0.78356934,34.102222,44.68676,0.051415846,-20.367844,-3.7373655e-05,298.8676,301.68094,273.1183,0.17506862,1.1729152,-2.6228895,1.4428849,1.8383093,0,0
2003-09-01,5.7133585,167.01979,0.096569985,-0.73031306,-0.7413656,36.216263,39.243332,51.074722,929.6814,4655.806,26.031150000000025,299.67157,5.028324,296.8275,298.12653,0.7791145,273.1513,-1.704654e-21,0.04308247,0.04720503,0.2393071,0.27060333,3.8415127,0.20933771,1.2784938e-05,0.0,0.0,0.0,0.87999475,99.999985,0.0,271.45984,271.4602,271.45996,271.45996,0.36979616,0.37155372,0.36059994,0.28408104,853.9165,1.7934275,2.8401499,0.3339587,0.85692096,99294.484,299.93112,0.0,0.018000286,101223.89,437.3733,0.8088402,0.32908583,0.90013766,299.84714,300.02603,0.32940292,0.23395324,0.68366575,0.00015474901,0.019322146,0.6507492,33.001205,45.698597,0.039074212,-26.029434,-4.079723e-05,299.49304,300.84436,273.0996,0.16650787,1.1747859,-2.6324778,0.6588621,1.6615639,0,0
2003-10-01,2.3669119,266.83185,0.09480485,-0.54437655,-0.5617001,100.70329,108.67758,133.26747,1621.5134,4705.474,27.443380000000047,300.6363,4.6029654,297.22296,298.7229,0.77808404,273.1496,-7.226004e-21,0.04122132,0.044343688,0.21768552,0.2462512,3.9320335,0.10353994,1.4206291e-06,0.0,0.0,0.0,0.88000053,99.999985,0.0,271.4599,271.46,271.45996,271.45996,0.31265473,0.32444543,0.33323443,0.28958458,1173.6323,1.8208046,2.9654655,0.10788989,0.90118587,99101.61,301.09064,0.0,0.01800036,101022.484,484.95874,0.5978655,0.104274325,0.94807434,300.87,300.72604,0.21020097,0.15713513,0.44750905,7.4585376e-05,0.00499817,0.41111374,30.868404,45.297043,0.040379435,-36.71118,-4.1769832e-05,300.95767,300.66876,273.0998,0.15230203,1.1772422,-2.658328,0.27625167,1.7386675,0,0
2003-11-01,0.24575918,484.06702,0.08671707,-0.3094055,-0.3477229,108.110306,123.88377,164.41644,3843.7676,4772.1494,28.454340000000002,299.8858,5.44005,297.26416,298.5028,0.7719535,273.14963,-8.810178e-21,0.043752957,0.04682776,0.20168075,0.22690979,3.8439608,0.029845834,4.1177145e-08,0.0,0.0,0.0,0.8800025,99.999985,0.0,271.45993,271.45966,271.4602,271.45996,0.18413132,0.22641289,0.28436244,0.28671712,331.11755,1.7725005,2.7572508,-0.06800032,0.21717817,99023.54,301.97314,0.0,0.017999861,100936.65,587.881,0.5269429,-0.061160743,0.23588173,301.68134,301.42764,0.051847387,0.08470425,0.4610555,1.4725589e-05,-0.009356894,0.13158035,24.522392,40.029205,0.004476201,-57.20459,-3.0752402e-05,301.974,300.91556,273.07742,0.14298382,1.1789641,-2.6749172,-0.08981466,0.50542545,0,0
2003-12-01,0.0009479736000000001,0.0,0.09529564,-0.5155957,-0.54465574,32.517292,40.87568,67.01796,7276.3594,4798.8687,27.982200000000034,296.97745,10.931286,296.48132,296.76413,0.6947222,273.15015,-1.1741486e-20,0.054362655,0.05868685,0.1914711,0.2124899,4.109412,0.00699085,2.6359288e-09,0.0,0.0,0.0,0.8800002,99.999985,0.0,271.4599,271.45975,271.45972,271.45996,0.12654285,0.17031598,0.23914832,0.27888304,27.720274,1.6867046,2.3658524,-0.18209952,-0.7526822,99099.27,301.52798,0.0,0.018000636,101012.31,585.1564,0.33290803,-0.1345802,-0.9325123,301.40106,301.38428,0.0102804825,0.012322675,0.31802604,8.4864496e-08,-0.022045799,0.016708374,16.251255,34.68712,-0.036728326,-64.78058,-1.7629893e-05,301.7388,301.19293,273.04138,0.14056586,1.1793761,-2.6800385,-0.46145153,-1.7463932,0,0
2004-01-01,0.1779903,0.0,0.09884739,-0.6406884,-0.6599172,26.924015,32.03269,50.187576,6047.12,4822.654,28.89398,296.61902,10.6231365,296.0589,296.4627,0.6619482,273.15015,-8.634774e-21,0.06680812,0.07271153,0.19684434,0.2163929,4.1861796,0.00601612,1.513177e-07,0.0,0.0,0.0,0.8799993,99.999985,0.0,271.4605,271.46014,271.4602,271.45996,0.12742549,0.15271586,0.21458542,0.27090198,74.51576,1.6357348,2.1290092,0.059398055,-0.5525204,98971.336,302.58484,0.0,0.017999806,100879.59,629.9088,0.44385076,0.09834761,-0.6962924,302.25815,301.8597,0.007706208,0.03880421,0.42859477,2.7572414e-06,-0.006404251,0.028873444,18.897758,36.479694,-0.026085712,-70.62198,-1.4241199e-05,302.79462,301.37628,273.04303,0.14888862,1.1791958,-2.6795444,0.011125565,-1.3914719,0,0
2004-02-01,0.003684443,0.0,0.10783428,-0.59516877,-0.6152143,53.977654,65.45889,93.36246,4647.566,4780.481,29.855000000000018,296.5512,10.084618,295.67996,296.24844,0.6717353,273.15002,-1.9721815e-20,0.0809997,0.08934164,0.20965922,0.23370656,4.51291,0.00971506,7.577114e-09,0.0,0.0,0.0,0.8799989,99.999985,0.0,271.46033,271.46008,271.45978,271.45996,0.112615496,0.14165682,0.19344473,0.26359588,139.3634,1.63221,2.1245146,-0.29106617,-0.54655814,99034.125,303.46198,0.0,0.017999325,100942.07,716.3905,0.20780003,-0.2561264,-0.69486904,302.8454,302.3295,0.019483566,0.040958047,0.15903988,1.4311263e-07,-0.02970916,0.02526474,13.893276,34.521797,-0.026258055,-83.31639,-1.1284017e-05,303.527,301.72186,273.1057,0.1656285,1.1793694,-2.6801577,-0.67684937,-1.2977505,0,0
2004-03-01,0.15579019,574.0297,0.12157267,-0.57233554,-0.5877631,106.98555,126.02324,163.85074,4095.0718,4857.9995,31.39965000000001,298.74734,6.63177,296.56232,297.74606,0.72781605,273.1492,-3.3085522e-20,0.08521061,0.09424323,0.22772843,0.25535202,4.940117,0.023674682,6.141727e-08,0.0,0.0,0.0,0.8799974,99.999985,0.0,271.46017,271.4596,271.4599,271.45996,0.11602794,0.13599458,0.17645115,0.2562428,358.97656,1.651612,2.242878,0.39980477,0.031344354,98899.39,305.5271,0.0,0.01800023,100803.09,876.5504,0.38584548,0.43554246,-0.01040417,304.69418,303.6897,0.0348652,0.07997851,0.31233555,4.744418e-06,0.025351021,0.09170532,19.026539,37.338795,0.0057276604,-97.98392,-1.1702454e-05,305.48978,302.3541,273.1184,0.17947578,1.1790148,-2.6796827,0.66493464,-0.022026181,0,0
2004-04-01,0.91829104,397.91656,0.16310585,-0.8309114,-0.83248687,85.6364,90.438965,102.87427,2279.9004,4869.423,31.327660000000037,301.1467,5.166012,297.46252,299.1902,0.77876246,273.14996,-4.3928076e-20,0.07889143,0.08732957,0.24316677,0.27331674,5.987315,0.03852285,1.9088282e-07,0.0,0.0,0.0,0.88000154,99.999985,0.0,271.4599,271.4602,271.46002,271.45996,0.13560939,0.12708335,0.16264373,0.24877691,655.21423,1.6947832,2.457981,1.0837129,1.7723589,98903.77,306.01172,0.0,0.018000048,100812.42,1008.5587,0.66902065,1.0639641,1.7570119,305.5986,304.91376,0.12410241,0.14760664,0.55780053,1.2959652e-05,0.09004763,0.21175766,32.21366,46.273537,0.13465232,-101.13988,-1.4856254e-05,306.1029,303.37595,273.07782,0.1860024,1.1788849,-2.6764708,1.7833996,2.8192282,0,0
2004-05-01,3.7314957,265.79523,0.13934284,-0.84249145,-0.84599483,47.493256,50.10948,58.631348,1595.5867,4815.9785,28.65414000000004,300.7202,5.5400295,297.60306,299.11475,0.7826998,273.1498,-4.8376656e-20,0.06632921,0.07366582,0.25375763,0.28554016,4.999276,0.10263914,2.4218225e-06,0.0,0.0,0.0,0.8799995,99.999985,0.0,271.4605,271.46002,271.4599,271.45996,0.26513094,0.2038098,0.16273338,0.24249274,982.11084,1.7480669,2.7010145,0.71237683,1.6311569,99129.37,302.9572,0.0,0.018000286,101048.95,685.0943,0.7677059,0.7078155,1.625236,303.0412,303.63864,0.3108104,0.161782,0.6448835,8.0014564e-05,0.050623674,0.46523666,34.82749,47.22576,0.10457224,-50.508514,-2.8658265e-05,302.51556,303.83636,273.01965,0.18636104,1.1764846,-2.6584206,1.2775979,2.7240915,0,0
2004-06-01,4.0679723,195.66779,0.121914804,-0.80253816,-0.8089199,34.91385,37.647537,46.715256,1101.6274,4633.6504,27.02430000000004,299.7873,6.102911,297.6574,298.6825,0.7662781,273.14886,-4.3538234999999996e-20,0.054226637,0.060209632,0.25900626,0.29156217,4.40761,0.12293756,4.247744e-06,0.0,0.0,0.0,0.87999874,99.999985,0.0,271.4596,271.4599,271.46002,271.45996,0.3188091,0.3069659,0.21305507,0.23926812,763.05176,1.7809505,2.8148012,0.6091552,1.3729548,99396.06,300.9992,0.0,0.017999742,101326.11,531.90356,0.77351904,0.59143794,1.3959956,301.02255,301.74582,0.33900756,0.20517999,0.60890454,9.7073964e-05,0.039595276,0.54525757,34.22962,47.040443,0.07424134,-29.922966,-3.4807876e-05,300.33258,303.1786,273.05,0.18347141,1.1760793,-2.6541986,1.0702255,2.4460354,0,0
2004-07-01,5.4559987,141.87624,0.106220424,-0.845203,-0.85161024,14.9930725,16.39172,22.708103,980.0095,4615.86,25.929160000000024,299.33798,6.4815445,297.6927,298.4633,0.7441908,273.15027,-2.1475266e-20,0.04689273,0.051889203,0.25926644,0.29204518,3.9566832,0.2259726,6.764886e-06,0.0,0.0,0.0,0.8799987,99.999985,0.0,271.46014,271.4605,271.45966,271.45996,0.35411698,0.33904827,0.2563917,0.2399159,614.53394,1.7803993,2.7834702,0.6873833,1.0061204,99309.555,300.01636,0.0,0.01799995,101241.086,468.3213,0.8145734,0.6782923,1.0612718,299.98984,300.7818,0.31543803,0.2514244,0.6866952,0.00015374724,0.03901112,0.7162857,33.662773,45.38967,0.048218712,-25.696114,-3.904086e-05,299.20587,302.2617,273.08557,0.17994815,1.1750022,-2.6300783,1.2955854,1.9373322,0,0
2004-08-01,7.5269304,131.95206,0.11849493,-0.82097995,-0.8298764,9.040604,10.188282,16.9828,874.9663,4676.9336,25.824100000000044,298.83987,7.8260374,297.65692,298.25714,0.73128206,273.1496,-2.8936026000000003e-21,0.044143993,0.04865303,0.25314546,0.28561434,4.2350607,0.30976647,4.0074287e-05,0.0,0.0,0.0,0.88000023,99.999985,0.0,271.46014,271.45975,271.45984,271.45996,0.36858016,0.3654287,0.3292806,0.25513017,406.8092,1.7606947,2.6964693,0.7407055,1.0898335,99379.984,299.66934,0.0,0.017999962,101313.58,438.6823,0.8196404,0.7299409,1.1332359,299.53702,300.0023,0.4308681,0.41792786,0.6201403,0.00016874721,0.04724475,0.7421951,34.054882,44.67009,0.05595544,-19.37782,-3.6587888e-05,298.74866,301.25296,273.11353,0.1750691,1.1744117,-2.622713,1.3419592,2.0558653,0,0
2004-09-01,4.539009999999999,188.62752,0.0984177,-0.6984768,-0.7113788,30.94284,34.06314,46.642456,1055.3826,4586.5396,26.472620000000006,299.87332,6.043503,298.19696,298.9124,0.7295289,273.15027,-1.507013e-21,0.04308247,0.04720503,0.2393071,0.27060333,3.8926697,0.14169407,5.5527016e-06,0.0,0.0,0.0,0.880002,99.999985,0.0,271.45984,271.4602,271.46033,271.45996,0.3562181,0.35666877,0.34522116,0.2744431,941.91406,1.7934275,2.8401499,0.18816555,0.97560644,99233.74,300.25244,0.0,0.018000286,101161.445,443.76147,0.7494881,0.18323243,1.0136416,300.0971,300.17786,0.30271733,0.21826136,0.6065943,0.00010851555,0.0111313015,0.59994507,33.033836,46.310707,0.04614176,-28.553558,-4.021021e-05,299.73346,300.6333,273.0461,0.16650718,1.1760564,-2.646905,0.38651294,1.8011932,0,0
2004-10-01,1.2628249999999999,369.00354,0.09854293,-0.48276985,-0.50021267,134.58888,147.08772,176.83595,2163.0923,4598.2827,27.71914000000004,300.48834,5.5024357,298.48145,299.30685,0.7341261,273.1501,-8.4555695e-21,0.04122132,0.044343688,0.21768552,0.2462512,4.1026716,0.070402235,4.5078718e-07,0.0,0.0,0.0,0.8799999,99.999985,0.0,271.46027,271.4596,271.4599,271.45996,0.2693358,0.29046947,0.31226557,0.2742378,904.19824,1.8208046,2.9654655,0.10551107,1.0460606,99137.72,301.45078,0.0,0.018000133,101058.85,532.47815,0.6942837,0.10059428,1.1102297,301.18774,300.87836,0.18169326,0.12722933,0.60491437,4.6042653e-05,0.007419221,0.33669662,30.858585,45.212303,0.047608674,-45.2529,-3.8936712e-05,301.3095,300.56372,273.04926,0.15230197,1.1783327,-2.6651688,0.29866016,2.0425043,0,0
2004-11-01,0.052497955,498.54822,0.10239175,-0.5222859,-0.5395888,110.216034,121.27228,149.2242,3494.1147,4762.476,29.2491,300.23035,6.2825155,298.49942,299.27075,0.73209727,273.14963,-9.466626500000001e-21,0.043752957,0.04682776,0.20168075,0.22690979,4.27796,0.037046775,8.30795e-09,0.0,0.0,0.0,0.87999547,99.999985,0.0,271.45972,271.45972,271.46033,271.45996,0.14705563,0.19396013,0.25587684,0.26915467,323.28345,1.7725005,2.7572508,0.06455035,0.7136626,99039.87,303.15344,0.0,0.018000275,100953.06,688.4302,0.5212386,0.058878608,0.71646357,302.85718,302.25687,0.06256059,0.07049069,0.4498735,1.9759595e-06,0.002961326,0.14088058,27.073969,42.228752,0.03576712,-70.0773,-2.4412817e-05,303.31735,301.1204,272.9787,0.14298382,1.1793028,-2.679531,0.14669037,1.2925715,0,0
2004-12-01,0.003862451,0.0,0.08648965,-0.3637058,-0.401855,63.104248,79.422745,119.37129,6226.4814,4961.754,29.046400000000006,297.728,10.08707,297.40045,297.607,0.69746315,273.1502,-1.4586845e-20,0.054362655,0.05868685,0.1914711,0.2124899,3.9037342,0.016518824,1.8087405e-08,0.0,0.0,0.0,0.8800008,99.999985,0.0,271.46014,271.4599,271.46008,271.45996,0.11543152,0.16161352,0.21908742,0.261517,40.997456,1.6867046,2.3658524,0.09557307,-0.15520519,98991.34,302.4585,0.0,0.018000275,100899.98,637.21094,0.35956067,0.11720271,-0.2660342,302.174,302.0523,0.028529167,0.017984249,0.32983318,2.2217e-07,0.003053099,0.04367447,12.16605,34.8523,-0.0054120794,-72.16431,-1.4401427e-05,302.40884,301.66846,273.04767,0.14056687,1.1793646,-2.6796627,0.03659153,-0.41944027,0,0
2005-01-01,0.00015123442,0.0,0.1161139,-0.7094728,-0.72531736,16.091656,20.411777,35.06647,8358.98,4859.9233,27.579499999999996,295.24246,13.092564,294.9893,295.1761,0.65700316,273.15012,-1.4091603e-20,0.06680812,0.07271153,0.19684434,0.2163929,4.6974163,0.0020317137,3.9383963e-10,0.0,0.0,0.0,0.87999904,99.999985,0.0,271.4609,271.46033,271.4602,271.45996,0.11065158,0.15807986,0.20480394,0.2547261,25.684015,1.6357348,2.1290092,-0.41382694,-0.98882246,99099.984,301.3382,0.0,0.017999966,101015.03,603.6483,0.41990417,-0.40545845,-1.1409178,301.21542,301.36462,0.0037692958,0.019762795,0.404487,3.137768e-08,-0.038464606,0.006462097,6.588896,30.827011,-0.05676812,-73.74901,-1.2312885e-05,301.2696,301.70215,272.98602,0.14889167,1.1793717,-2.6804743,-0.95804405,-2.165657,0,0
2005-02-01,0.06772829999999999,547.38684,0.12534648,-0.601481,-0.61339355,100.400665,114.013626,142.77272,3773.2095,4894.689,32.02053000000001,299.09875,5.725583,295.68475,297.5052,0.7263086,273.1501,-1.3401906e-20,0.080893785,0.0892182,0.20944163,0.23343396,4.9757967,0.013915197,1.3399472e-08,0.0,0.0,0.0,0.88000065,99.999985,0.0,271.4597,271.45972,271.4597,271.45996,0.10706055,0.1467855,0.18346894,0.24873888,431.6377,1.6320617,2.1235275,0.49313653,0.62175345,98808.734,306.00427,0.0,0.01800038,100709.53,847.7061,0.45953232,0.48030132,0.619184,305.0583,303.71313,0.03223014,0.091664016,0.40284294,1.2725575e-06,0.03413529,0.06576538,24.293152,41.339554,0.0389022,-91.5683,-1.062547e-05,305.96002,301.9945,273.08643,0.16542658,1.1793449,-2.6798172,0.76767063,1.1021895,0,1
2005-03-01,0.21346136,532.99994,0.14093745,-0.59996283,-0.60621715,148.94226,165.87091,196.77666,2982.4695,4780.08,32.51986000000005,301.4684,4.5405226,296.4355,298.70978,0.7836333,273.15027,-2.9997097e-20,0.08519429,0.094222516,0.22765714,0.25526482,5.47491,0.022810312,4.8796867e-08,0.0,0.0,0.0,0.87999713,99.999985,0.0,271.4596,271.46036,271.46002,271.45996,0.1195378,0.13847274,0.17029852,0.24252474,707.1135,1.65155,2.2424278,0.6725817,1.365758,98876.56,307.0332,0.0,0.01800014,100779.52,1002.5392,0.5585963,0.6754403,1.4150138,306.34976,305.33096,0.048039865,0.13188767,0.4736247,2.0420666e-06,0.053791344,0.12786102,27.745249,45.793785,0.095304266,-101.34352,-1.1306771e-05,307.1185,303.29834,273.10364,0.17941824,1.1793015,-2.6796331,1.2184935,2.4371128,0,1
2005-04-01,1.0180834,436.53937,0.16107047,-0.65296125,-0.6573083,167.64937,181.73526,210.06563,2368.209,4874.2144,31.831380000000024,301.48184,4.8436785,296.6664,298.88928,0.786679,273.1511,-4.7099302e-20,0.07889143,0.08732957,0.24316677,0.27331674,5.9340143,0.03319171,3.4559088e-07,0.0,0.0,0.0,0.8800013,99.999985,0.0,271.45996,271.45984,271.45987,271.45996,0.1428136,0.13670701,0.16155899,0.23602706,752.6216,1.6947832,2.457981,1.0455942,1.7718735,98868.875,306.445,0.0,0.017999806,100774.3,984.2674,0.59731483,1.0127959,1.7811923,306.17114,305.72693,0.09424883,0.122154325,0.5108084,1.1526514e-05,0.089638725,0.19242096,29.284353,46.20356,0.13744396,-101.719284,-1.4962341e-05,306.57806,304.38763,273.05188,0.1860024,1.1790426,-2.6764078,1.6968441,2.9043493,0,0
2005-05-01,3.1067934000000004,364.34933,0.14609253,-0.72785187,-0.7309393,158.43459,167.51923,188.9304,1623.782,4758.2305,29.4178,300.7095,5.42041,296.87512,298.7191,0.77756697,273.1504,-4.9301108e-20,0.06632921,0.07366582,0.25375763,0.28554016,5.2603655,0.11975926,3.2616508e-06,0.0,0.0,0.0,0.87999636,99.999985,0.0,271.46,271.4602,271.46008,271.45996,0.24223065,0.22361004,0.1598556,0.23084176,864.4835,1.7480669,2.7010145,0.65016806,1.7001324,99072.64,303.64117,0.0,0.01800039,100989.69,774.4698,0.5878189,0.645612,1.693294,303.52386,304.04526,0.21979731,0.15885165,0.43208194,5.5311073e-05,0.05084894,0.4021263,31.00808,46.479958,0.11208314,-63.369904,-3.0307696e-05,303.35992,304.53647,273.08472,0.18636104,1.1774434,-2.6652393,1.1611698,2.8549871,0,0
2005-06-01,5.059717,166.5405,0.13136768,-0.8773157,-0.8815428,28.697708,30.182022,36.25641,1026.6521,4788.506,27.377530000000036,300.0057,5.6347694,296.93524,298.41925,0.77502227,273.1491,-4.0637e-20,0.054226637,0.060209632,0.25900626,0.29156217,4.679077,0.1693235,7.424622e-06,0.0,0.0,0.0,0.87999856,99.999985,0.0,271.45975,271.45972,271.46017,271.45996,0.3221141,0.29126787,0.17421997,0.22695279,705.28284,1.7809505,2.8148012,0.78076077,1.3591709,99226.234,301.52283,0.0,0.018000111,101151.94,585.8939,0.7525748,0.767357,1.3853335,301.54602,302.51266,0.3771544,0.20416865,0.5400947,0.00011153302,0.04924158,0.6198273,34.13907,46.03646,0.075601265,-33.944458,-3.5998055e-05,300.82983,304.00085,273.08392,0.18347192,1.1757017,-2.6490374,1.3941102,2.4263153,0,0
2005-07-01,6.185803600000001,150.15388,0.12054795,-0.8041848,-0.8134419,18.246506,20.080399,28.128693,1039.3416,4696.583,26.14300000000003,299.2612,6.428817,297.05035,298.16937,0.76334983,273.1505,-1.8049265e-20,0.04689273,0.051889203,0.25926644,0.29204518,4.316905,0.2639413,1.9952033e-05,0.0,0.0,0.0,0.88000494,99.999985,0.0,271.4609,271.4605,271.46002,271.45996,0.35818213,0.3471651,0.26157308,0.22742045,566.2117,1.7803993,2.7834702,0.801481,1.141504,99387.34,300.14926,0.0,0.018000215,101319.58,479.68842,0.8438809,0.7900088,1.1780642,300.18512,300.997,0.35286582,0.33015412,0.7058599,0.00017683333,0.051187173,0.72514343,33.85781,44.656296,0.062025435,-23.624146,-3.8354778e-05,299.24594,302.82608,273.11578,0.17994815,1.1738983,-2.6262074,1.4487779,2.075695,0,0
2005-08-01,3.5375636,160.84688,0.122205615,-0.82489187,-0.8342871,6.926076,7.8587246,14.532103,1083.2998,4706.2944,26.171960000000013,298.8014,7.179288,297.08856,297.9991,0.75572604,273.14868,-3.0556944e-21,0.044143993,0.04865303,0.25314546,0.28561434,4.4081717,0.2162407,9.272928e-06,0.0,0.0,0.0,0.88000596,99.999985,0.0,271.46002,271.4604,271.46033,271.45996,0.31674218,0.30879503,0.28670132,0.23313528,214.08789,1.7606947,2.6964693,1.0666862,1.1041974,99319.7,299.96448,0.0,0.017999921,101250.4,508.76038,0.8380767,1.0580184,1.1403008,299.92242,300.4865,0.39401436,0.4127338,0.63647,0.00010084691,0.06804514,0.59054947,33.516228,44.17219,0.063072935,-24.15538,-3.4482775e-05,299.25293,301.77048,273.10913,0.1750691,1.1769336,-2.6425152,1.87889,1.9940624,0,0
2005-09-01,8.430343,169.71066,0.10192633,-0.7323657,-0.7438749,31.838654,34.59249,46.30461,958.20605,4671.7773,26.34957000000003,299.688,5.5984955,297.4164,298.4606,0.75334936,273.14957,-1.1952578000000001e-21,0.04308247,0.04720503,0.2393071,0.27060333,3.8614311,0.21838212,5.5014927e-05,0.0,0.0,0.0,0.88000035,99.999985,0.0,271.4602,271.4602,271.46,271.45996,0.35990697,0.359856,0.33787817,0.25123036,741.92163,1.7934275,2.8401499,0.41413552,0.90222085,99271.875,300.20984,0.0,0.018000111,101200.49,440.25854,0.74999875,0.4017405,0.9393027,300.10193,300.34433,0.33651096,0.261125,0.597516,0.000154181,0.024846446,0.653656,32.86132,45.612526,0.04363145,-28.662582,-4.002957e-05,299.68036,301.04193,273.10333,0.16650909,1.1744581,-2.6353388,0.77708864,1.6894846,1,0
2005-10-01,1.7699354999999999,297.45422,0.09057307,-0.46709764,-0.49055576,87.49628,97.76584,125.92288,1983.0166,4638.8496,27.537000000000035,300.25592,5.628619,298.18448,299.05048,0.731574,273.14987,-7.568085500000001e-21,0.04122132,0.044343688,0.21768552,0.2462512,3.8689356,0.07405406,7.495346e-07,0.0,0.0,0.0,0.8800008,99.999985,0.0,271.46008,271.4602,271.45996,271.45996,0.29186207,0.3131382,0.32456326,0.26041847,811.9971,1.8208046,2.9654655,0.17429268,0.7986249,99196.945,301.24408,0.0,0.018000115,101119.51,513.4341,0.6710519,0.1820494,0.853811,300.8992,300.71075,0.17521113,0.16835669,0.5490841,5.4177275e-05,0.0071460125,0.34519577,30.24373,44.205597,0.035408657,-40.63762,-3.960318e-05,300.85968,300.79565,273.08014,0.152302,1.1778202,-2.6645393,0.42580438,1.5583525,0,0
2005-11-01,0.077011515,598.72894,0.092618406,-0.31797928,-0.35725802,78.078445,95.514145,137.1864,4191.199,4791.3364,29.30770000000001,298.99814,7.244195,297.7356,298.363,0.7288152,273.14948,-1.8945309e-20,0.043752957,0.04682776,0.20168075,0.22690979,4.044733,0.024184447,2.1275696e-08,0.0,0.0,0.0,0.8800019,99.999985,0.0,271.46002,271.46,271.45978,271.45996,0.14351267,0.1960007,0.25694793,0.25788814,177.61346,1.7725005,2.7572508,-0.08665484,0.052130997,99012.625,302.7141,0.0,0.018000796,100922.86,648.77954,0.40085566,-0.073061764,0.07607055,302.17047,301.78,0.038379595,0.048253406,0.36364156,2.106609e-06,-0.014660139,0.07865906,19.820005,37.077457,-0.0048184395,-68.65839,-2.3965811e-05,302.4478,301.09674,273.1242,0.14298384,1.1792966,-2.6794205,-0.16861057,0.19795182,0,0
2005-12-01,0.01530815,0.0,0.095972985,-0.47436392,-0.500997,59.080032,73.90248,108.30168,4474.3984,4760.6646,29.350600000000043,298.15582,8.47803,297.3595,297.773,0.71797633,273.14996,-9.116852e-21,0.054362655,0.05868685,0.1914711,0.2124899,4.1549015,0.010549813,5.7217164e-09,0.0,0.0,0.0,0.8800045,99.999985,0.0,271.46008,271.46014,271.46014,271.45996,0.11644474,0.15731537,0.21327299,0.25093073,66.49405,1.6867046,2.3658524,0.2166363,-0.27534896,98932.805,302.89832,0.0,0.017999671,100840.39,656.5774,0.29800087,0.27447152,-0.34062958,302.56766,302.3141,0.02029596,0.034990992,0.26537248,6.127635e-07,0.004504647,0.036346436,18.749292,36.37088,-0.016461622,-72.58478,-1.411602e-05,302.84497,301.60077,273.0592,0.14056687,1.1793292,-2.679882,0.37005746,-0.64469814,0,0
2006-01-01,0.048783142,595.3865,0.09967393,-0.47807395,-0.49849463,105.997925,125.517426,165.68393,4232.1787,4768.815,30.31716,298.47708,7.9208965,297.6588,298.08664,0.6933509,273.14972,-1.057511e-20,0.06680812,0.07271153,0.19684434,0.2163929,4.267297,0.020336747,1.9832441e-08,0.0,0.0,0.0,0.8800008,99.999985,0.0,271.46045,271.4599,271.45966,271.45996,0.11008604,0.1440931,0.18784285,0.24448663,225.5094,1.6357348,2.1290092,0.4595232,0.23804253,98879.72,304.02808,0.0,0.017999884,100785.36,735.87744,0.45335984,0.46529096,0.20087014,303.5793,302.90704,0.03210032,0.06141177,0.40789318,1.1836039e-06,0.02897871,0.07922745,22.766937,39.78216,0.015906308,-82.41528,-1.0309108e-05,304.1799,302.055,273.08527,0.14889167,1.1793036,-2.6799164,0.7766355,0.40616107,0,0
2006-02-01,0.024298446,616.48834,0.12579107,-0.47202522,-0.4881578,155.83096,182.20401,231.85889,3419.1497,4756.444,31.525350000000003,299.91092,6.9785614,298.55078,299.1864,0.7215934,273.1499,-1.584784e-20,0.080893785,0.0892182,0.20944163,0.23343396,4.9999247,0.024645006,1.394551e-08,0.0,0.0,0.0,0.88000154,99.999985,0.0,271.46036,271.45996,271.4601,271.45996,0.113150224,0.14192927,0.17193389,0.23881078,357.41296,1.6320617,2.1235275,0.92823577,0.57746816,98847.22,305.50037,0.0,0.0180001,100750.63,857.7545,0.5011728,0.91474056,0.59588194,304.93604,304.13873,0.049736682,0.07624893,0.4355366,4.4777426e-07,0.070546985,0.09400177,23.091232,39.658318,0.03848788,-95.18402,-9.368796e-06,305.5247,302.77835,273.11075,0.1654273,1.1793628,-2.6803045,1.5052228,1.071939,0,0
2006-03-01,0.20710839,602.62946,0.13361222,-0.49421155,-0.5046252,178.50159,200.31284,240.18744,3572.4575,4721.9316,31.93783000000002,300.78485,6.1922016,298.95258,299.74146,0.7238209,273.15015,-2.9827816e-20,0.08519429,0.094222516,0.22765714,0.25526482,5.2991104,0.021545945,2.394911e-07,0.0,0.0,0.0,0.880004,99.999985,0.0,271.4599,271.46014,271.45956,271.45996,0.120673954,0.1362114,0.15754753,0.23312783,450.5747,1.65155,2.2424278,0.70160127,1.2151043,98892.21,306.41626,0.0,0.018000085,100796.625,969.56116,0.60531753,0.6715791,1.2466762,305.8838,305.0962,0.04609275,0.09637311,0.5542608,3.199265e-06,0.060891207,0.08982086,24.164007,43.4228,0.08943188,-103.27937,-1.0153628e-05,306.35062,303.6422,273.0786,0.17941558,1.179286,-2.6787767,1.1479566,2.129159,0,0
2006-04-01,0.638247,488.4989,0.14904076,-0.61141545,-0.6197888,145.93347,164.64182,197.7118,2672.539,4833.056,32.28460000000001,301.19342,6.398242,299.27734,300.10754,0.72335756,273.1494,-4.4941647e-20,0.07889143,0.08732957,0.24316677,0.27331674,5.689433,0.029954363,1.7074223e-07,0.0,0.0,0.0,0.8799988,99.999985,0.0,271.4599,271.45993,271.46027,271.45996,0.12414618,0.13116258,0.14931145,0.22711349,786.4109,1.6947832,2.457981,0.8130475,1.378192,98800.79,306.82812,0.0,0.017999854,100703.67,1036.322,0.58163667,0.8037567,1.406425,306.33093,305.82086,0.075564235,0.11460069,0.50278044,1.3633666e-05,0.06862582,0.16501617,27.163319,43.859856,0.103118256,-106.43005,-1.2195524e-05,306.70636,304.4995,273.1058,0.1860024,1.1787597,-2.6770058,1.3715422,2.379033,0,1
2006-05-01,3.8086101,273.00244,0.14331245,-0.83233666,-0.8346929,65.69879,69.506226,80.03456,1748.7009,4764.1396,29.025540000000035,300.7821,6.9393883,299.08612,299.8572,0.7226826,273.1505,-5.0259e-20,0.06632921,0.07366582,0.25375763,0.28554016,5.1951246,0.09610957,8.824714e-06,0.0,0.0,0.0,0.8799992,99.999985,0.0,271.4599,271.45972,271.46002,271.45996,0.25234717,0.20494217,0.14156696,0.22194487,959.4851,1.7480669,2.7010145,0.62659097,1.7237635,99111.85,303.503,0.0,0.017999973,101030.766,738.65076,0.74392956,0.6240989,1.7067909,303.5713,304.2945,0.2206651,0.19158895,0.6470996,6.767757e-05,0.0440858,0.4093895,34.988464,47.535286,0.11191738,-62.013718,-2.8271366e-05,303.10596,304.80817,272.99396,0.18636239,1.1772187,-2.6601324,1.1498067,2.8392525,0,0
2006-06-01,2.9245,237.31152,0.132168,-0.7882594,-0.7927998,55.632187,59.501465,70.62363,1464.2351,4687.5864,28.130330000000015,300.43484,6.9219236,299.00513,299.6548,0.7227536,273.14835,-4.2837376999999997e-20,0.054226637,0.060209632,0.25900626,0.29156217,4.8213205,0.094391435,1.8155342e-06,0.0,0.0,0.0,0.87999904,99.999985,0.0,271.46005,271.46045,271.46017,271.45996,0.27616352,0.25817013,0.15959018,0.21841073,942.18506,1.7809505,2.8148012,0.63551617,1.5141416,99208.44,302.34296,0.0,0.017999992,101130.984,640.6826,0.6879483,0.6357939,1.5201707,302.34564,302.86353,0.26170003,0.14452325,0.56021464,7.0847615e-05,0.04127176,0.42101288,33.918716,47.990883,0.08768332,-48.367737,-3.294622e-05,301.97302,304.1491,273.0168,0.18347436,1.1770756,-2.6614504,1.1756799,2.6108541,0,0
2006-07-01,5.3746775,143.89688,0.13512528,-0.89211595,-0.896212,17.787146,18.918924,23.765347,990.65063,4686.345,27.016560000000027,299.4134,8.084808,298.46677,298.96674,0.7224758,273.14932,-1.5970389e-20,0.04689273,0.051889203,0.25926644,0.29204518,4.6881733,0.26736295,1.1785376e-05,0.0,0.0,0.0,0.8800012,99.999985,0.0,271.46017,271.45984,271.46014,271.45996,0.32815576,0.2982267,0.18983924,0.21625549,638.3207,1.7803993,2.7834702,0.86725163,1.295181,99332.305,300.92435,0.0,0.017999943,101262.14,519.0808,0.8352184,0.85252655,1.3216109,300.77087,301.70737,0.39695883,0.31933844,0.6538053,0.00016795898,0.055199176,0.6957474,34.11286,45.591057,0.07008529,-27.160172,-3.5155295e-05,299.91187,303.32086,273.11646,0.17994815,1.1738095,-2.6317024,1.5645988,2.316821,0,0
2006-08-01,6.630392700000001,135.1562,0.12354761,-0.85451543,-0.86228734,5.7253094,6.6096478,12.035782,827.31714,4719.462,25.72320000000002,298.94482,9.072845,298.30853,298.65625,0.7172985,273.15033,-2.064074e-21,0.044143993,0.04865303,0.25314546,0.28561434,4.30597,0.3656146,2.8171955e-05,0.0,0.0,0.0,0.8799964,99.999985,0.0,271.45953,271.46008,271.4603,271.45996,0.36350203,0.3551563,0.28170878,0.22138077,319.90912,1.7606947,2.6964693,0.828722,1.2057886,99281.83,299.65155,0.0,0.017999597,101213.41,422.24146,0.87300617,0.8122157,1.2519307,299.66998,300.44263,0.40313745,0.4775746,0.7201841,0.00018612827,0.0505711,0.7901764,34.12321,44.211304,0.060182095,-16.933235,-3.5541183e-05,298.72205,302.13873,273.11145,0.1750691,1.1734943,-2.6215048,1.5307331,2.2438917,0,0
2006-09-01,7.3905494,129.53763,0.10667801,-0.79998314,-0.8078353,13.090541,15.17255,22.98867,815.79785,4660.0977,26.020960000000002,299.41846,7.685527,298.6132,298.99414,0.71589124,273.14932,-2.7034472000000003e-21,0.04308247,0.04720503,0.2393071,0.27060333,4.000186,0.26525772,1.0012016e-05,0.0,0.0,0.0,0.8800012,99.999985,0.0,271.46,271.45978,271.45996,271.45996,0.37662017,0.37477875,0.35073942,0.24703372,729.7881,1.7934275,2.8401499,0.34920907,1.02785,99291.086,299.9796,0.0,0.017999697,101221.734,416.26526,0.8093434,0.33973056,1.0714664,299.80884,300.11978,0.3659411,0.29197264,0.6654646,0.00019067561,0.020843275,0.7471657,33.698853,45.936607,0.047183476,-21.611122,-4.0232666e-05,299.1722,301.16113,273.09598,0.16650847,1.1733373,-2.6248045,0.66501415,1.959837,0,0
2006-10-01,2.6301077999999998,247.27374,0.084555686,-0.5348846,-0.55335593,75.08925,82.90248,105.05121,1646.521,4751.8857,27.490530000000035,300.6302,5.8497734,299.25458,299.82635,0.7209234,273.15027,-9.703881999999999e-21,0.04122132,0.044343688,0.21768552,0.2462512,3.711712,0.08102584,1.2876985e-06,0.0,0.0,0.0,0.87999594,99.999985,0.0,271.45966,271.45996,271.45996,271.45996,0.32805407,0.3389116,0.3466773,0.27979738,1153.1311,1.8208046,2.9654655,0.0575279,0.7064035,99145.695,301.275,0.0,0.018000085,101068.125,441.8058,0.76391435,0.06666022,0.7649808,300.9297,300.75226,0.1923207,0.17872414,0.6729661,9.690842e-05,-0.0011419244,0.40534592,32.127563,45.153694,0.026326008,-33.64424,-4.164253e-05,300.76,300.74475,273.09027,0.15230215,1.1765661,-2.6524572,0.22592133,1.4401903,0,0
2006-11-01,0.058585283,0.0,0.087643266,-0.3173545,-0.36836457,40.280777,47.680817,80.08702,6128.709,4767.748,28.00980000000004,298.60794,10.644824,298.07303,298.34125,0.6902603,273.15015,-9.893083e-21,0.043752957,0.04682776,0.20168075,0.22690979,3.8310823,0.0101621505,7.019935e-09,0.0,0.0,0.0,0.8800007,99.999985,0.0,271.45984,271.46002,271.45996,271.45996,0.16260761,0.2207486,0.28242606,0.2784822,78.12671,1.7725005,2.7572508,-0.4132967,-0.37608832,99084.79,301.29047,0.0,0.017999552,100998.09,561.8267,0.43296027,-0.35326672,-0.43974,301.0766,301.15826,0.013548869,0.066344894,0.3979717,2.809611e-06,-0.03758028,0.043094635,13.985455,35.757385,-0.022083797,-57.238297,-2.9624454e-05,300.99176,300.96063,273.07147,0.14298382,1.1793325,-2.6785707,-0.78339005,-0.8995638,0,0
2006-12-01,0.00010907661,0.0,0.09640819,-0.5600884,-0.5926979,2.4728706,3.7914875,19.78236,0.0,4939.336,27.145399999999995,295.63235,14.003067,295.57825,295.6227,0.6497384,273.1499,-1.0478052e-20,0.054362655,0.05868685,0.1914711,0.2124899,4.1204557,0.000309702,0.0,0.0,0.0,0.0,0.8800051,99.999985,0.0,271.46002,271.46002,271.4603,271.45996,0.121644944,0.17350799,0.23778921,0.27010703,0.112607956,1.6867046,2.3658524,-0.46955204,-0.94171476,99213.03,300.47955,0.0,0.017999865,101129.89,537.5255,0.16768709,-0.37968063,-1.151907,300.43457,300.68237,0.00096684694,0.0005139336,0.16650745,1.058379e-08,-0.04343623,0.00046157837,4.117724,30.498,-0.044006795,-63.04489,-1.7696868e-05,300.38165,300.90906,272.99188,0.14056687,1.1793821,-2.679985,-0.9979992,-2.2962456,0,0
2007-01-01,0.00033828474,0.0,0.11441326,-0.7365629,-0.75354326,5.3128686,7.5568256,18.531178,0.0,4940.454,26.809529999999995,293.57593,13.038708,293.3,293.48874,0.65262866,273.1505,-1.5321453e-20,0.06680812,0.07271153,0.19684434,0.2163929,4.6486187,0.0007703379,1.8332855e-09,0.0,0.0,0.0,0.880001,99.999985,0.0,271.45996,271.46,271.4599,271.45996,0.11382483,0.16058767,0.21673268,0.26239908,2.171814,1.6357348,2.1290092,-0.6289635,-1.2918687,99243.11,300.36255,0.0,0.017999936,101163.0,547.932,0.119959354,-0.5901823,-1.4964037,300.08743,300.01767,0.002386108,0.00015635695,0.11759931,3.9265615e-08,-0.055250227,0.0009651184,4.754613,29.467648,-0.06860459,-68.99129,-1.35689625e-05,300.3762,300.53162,272.98425,0.14889167,1.1793739,-2.6804848,-1.4241476,-2.8709059,0,0
2007-02-01,0.013318582,0.0,0.107477635,-0.5097809,-0.53345966,72.29701,87.693375,122.28041,5934.168,4722.8857,30.39530000000002,296.876,6.346627,294.29297,295.7179,0.72978187,273.14996,-1.7161875e-20,0.080893785,0.0892182,0.20944163,0.23343396,4.4766226,0.0064746146,7.549659e-09,0.0,0.0,0.0,0.8800002,99.999985,0.0,271.45975,271.46033,271.45984,271.45996,0.10638538,0.15244383,0.19951576,0.25570762,159.3479,1.6320617,2.1235275,0.1451515,-0.1279754,99001.43,303.82776,0.0,0.017999832,100907.83,747.1287,0.5674111,0.17310637,-0.1944896,303.00134,302.08514,0.019027188,0.0478037,0.5430905,8.823372e-07,0.0037130676,0.026870728,14.645214,33.01202,-0.0059626177,-82.403305,-1.197333e-05,303.7198,300.8019,273.08972,0.1654273,1.1793764,-2.6795921,0.16057146,-0.37586308,0,0
2007-03-01,0.03574347,614.99023,0.12828693,-0.5530287,-0.56693584,123.13585,140.9674,176.41379,4319.5513,4783.768,31.899440000000027,298.96814,5.3035164,294.80777,296.7855,0.77500814,273.14954,-3.2187472e-20,0.08519429,0.094222516,0.22765714,0.25526482,5.121048,0.009860416,1.711534e-09,0.0,0.0,0.0,0.87999874,99.999985,0.0,271.46002,271.4602,271.46014,271.45996,0.10009788,0.1346587,0.17080659,0.24880648,286.07928,1.65155,2.2424278,0.34719944,0.44705856,98842.69,305.9173,0.0,0.018000018,100744.07,870.9616,0.5485185,0.35235238,0.41540557,304.9807,303.67203,0.023584716,0.07646617,0.5184786,5.814503e-07,0.02467729,0.060634613,18.443123,39.28286,0.036477067,-101.495926,-9.566392e-06,305.92273,301.78595,273.10306,0.17941558,1.1793795,-2.6801043,0.5328994,0.67049074,0,0
2007-04-01,0.9597689,430.37766,0.16023952,-0.7833779,-0.78659946,94.718475,101.07907,116.654816,3036.6426,4841.14,31.215880000000027,301.22992,4.5577555,295.2573,297.98065,0.79487973,273.15002,-4.6810816e-20,0.07889143,0.08732957,0.24316677,0.27331674,5.8751307,0.021791518,2.2482769e-07,0.0,0.0,0.0,0.87999856,99.999985,0.0,271.45996,271.45996,271.46002,271.45996,0.15249908,0.1379996,0.1742124,0.2418226,738.60095,1.6947832,2.457981,0.92588127,1.8092303,98884.11,305.96417,0.0,0.01800019,100791.234,926.5426,0.7399997,0.9073415,1.8000755,305.63324,305.0141,0.07306276,0.1261591,0.6975217,2.125026e-05,0.07886422,0.17181396,31.477257,47.314354,0.13623804,-92.2659,-1.8292048e-05,305.8675,303.14117,273.01077,0.1860024,1.1787044,-2.6728773,1.5565138,2.9234514,0,0
2007-05-01,1.9963110000000002,280.86548,0.1324594,-0.79914963,-0.8033391,65.28006,69.11374,80.72937,2270.6726,4847.831,29.903040000000033,301.52545,4.3308916,295.53592,298.21307,0.79630053,273.14908,-5.480211e-20,0.06632921,0.07366582,0.25375763,0.28554016,4.985052,0.038696885,6.8257503e-07,0.0,0.0,0.0,0.88000274,99.999985,0.0,271.46002,271.45996,271.45987,271.45996,0.21963984,0.1814388,0.18068081,0.23609108,974.2224,1.7480669,2.7010145,0.505275,1.5616655,99016.21,304.50153,0.0,0.01800017,100929.47,762.4893,0.68694496,0.5103967,1.549118,304.3647,304.23517,0.1306597,0.11677836,0.60874104,4.513553e-05,0.033283502,0.29702377,34.730145,47.73001,0.10028285,-72.93875,-3.024954e-05,304.2216,303.80328,272.9779,0.18636104,1.1777108,-2.6683006,0.98063016,2.5784616,0,0
2007-06-01,3.758755,234.37311,0.14472824,-0.89746046,-0.9005137,30.375702,31.74739,37.32042,1216.2212,4698.385,27.448480000000018,299.85693,5.4361343,295.76657,297.75775,0.7874038,273.15036,-4.5552474e-20,0.054226637,0.060209632,0.25900626,0.29156217,5.0679655,0.13195115,2.118435e-06,0.0,0.0,0.0,0.8800006,99.999985,0.0,271.4602,271.45984,271.45996,271.45996,0.28555948,0.24870628,0.19551176,0.23157358,580.1201,1.7809505,2.8148012,0.7476735,1.7544336,99228.36,301.64734,0.0,0.018000167,101153.336,666.06946,0.68413943,0.7355919,1.761549,301.79108,302.65674,0.341685,0.18010476,0.44954672,8.746963e-05,0.053988315,0.5196152,33.358543,46.651352,0.10803878,-38.083954,-3.3843513e-05,301.13782,303.66647,273.04663,0.18347242,1.176654,-2.6544437,1.3567798,3.0011444,0,0
2007-07-01,7.435478300000001,145.98624,0.13367897,-0.88471955,-0.8898215,9.7731495,10.886883,15.698597,908.00195,4667.269,26.207670000000007,299.112,5.836669,295.88733,297.48138,0.7786453,273.14917,-1.8338155e-20,0.04689273,0.051889203,0.25926644,0.29204518,4.69256,0.26486844,3.038645e-05,0.0,0.0,0.0,0.88000643,99.999985,0.0,271.46027,271.45996,271.45966,271.45996,0.3477903,0.33294845,0.24851704,0.23001564,444.91064,1.7803993,2.7834702,1.0132043,1.3729982,99294.93,300.22528,0.0,0.018000323,101225.76,535.241,0.79492337,0.99894726,1.4096494,300.18127,301.03897,0.41478235,0.30116272,0.5862501,0.00017052054,0.065542705,0.70980453,33.69801,45.23893,0.07871369,-23.341805,-3.79381e-05,299.29413,302.69702,273.13678,0.17994815,1.1739342,-2.6295004,1.7982445,2.4964066,0,0
2007-08-01,8.361509,116.75348,0.116059065,-0.806357,-0.8161911,8.862116,10.219906,17.362213,850.3303,4659.92,25.27720000000005,298.63904,5.928995,295.94592,297.28677,0.77818155,273.15057,-2.7303725000000002e-21,0.044143993,0.04865303,0.25314546,0.28561434,4.1502686,0.38627356,2.4858993e-05,0.0,0.0,0.0,0.8799997,99.999985,0.0,271.4597,271.45984,271.46,271.45996,0.38416517,0.384475,0.35868847,0.2523452,451.72778,1.7606947,2.6964693,0.92388463,0.9893582,99242.22,299.08405,0.0,0.018000223,101174.0,407.5124,0.8961016,0.91584134,1.0217426,299.08777,299.80792,0.4161117,0.42337984,0.7654059,0.00022025654,0.05551152,0.7902832,34.038567,44.45449,0.052560776,-15.33477,-3.6497622e-05,298.2774,301.48776,273.12418,0.1750691,1.1720964,-2.6118345,1.7143943,1.8284588,0,0
2007-09-01,7.071005,180.56966,0.09846777,-0.701139,-0.7150569,41.202057,44.785202,58.210297,1170.968,4593.8657,25.93470000000002,299.443,4.8192635,296.14178,297.6242,0.77557486,273.14966,-2.2387554000000003e-21,0.04308247,0.04720503,0.2393071,0.27060333,3.90557,0.25704515,2.1586377e-05,0.0,0.0,0.0,0.880002,99.999985,0.0,271.4599,271.46,271.45966,271.45996,0.3802396,0.38280642,0.37757057,0.3059159,831.60425,1.7934275,2.8401499,0.3308695,0.77161664,99290.13,299.71436,0.0,0.018000357,101220.414,415.5343,0.80469835,0.34343153,0.81741303,299.54123,299.72693,0.32655865,0.3306303,0.6561368,0.00018161902,0.015870139,0.6434517,32.93866,45.367947,0.03370154,-23.510384,-4.0304512e-05,299.13242,300.53235,273.12265,0.16650769,1.1733475,-2.6274529,0.71074414,1.4966679,0,0
2007-10-01,1.2141299,368.89368,0.099600494,-0.43824583,-0.4603563,155.40273,167.41287,200.21304,2016.0027,4566.372,27.441300000000012,300.3175,4.3559732,296.409,298.07297,0.7807397,273.1494,-6.956434e-21,0.04122132,0.044343688,0.21768552,0.2462512,4.065193,0.072177425,4.900503e-07,0.0,0.0,0.0,0.8799962,99.999985,0.0,271.45996,271.46033,271.45996,271.45996,0.28008282,0.29689962,0.32558572,0.31532538,877.37964,1.8208046,2.9654655,0.12787092,0.96709263,99121.76,301.1066,0.0,0.017999958,101043.1,519.3652,0.6834795,0.14318043,1.0372372,300.77765,300.55795,0.15423357,0.15497941,0.5720433,3.2535376e-05,0.0040503666,0.3078766,30.79765,45.230103,0.044611484,-42.24556,-4.036661e-05,300.99457,300.3736,273.10162,0.15230161,1.1783359,-2.6714811,0.39234185,1.9080868,0,0
2007-11-01,0.08576524999999999,576.8402,0.090951264,-0.2566833,-0.29637384,130.2067,149.29417,193.7315,3556.8584,4783.3687,28.346100000000035,299.91553,4.927328,296.5016,298.01917,0.7738129,273.14984,-7.882714600000001e-21,0.043752957,0.04682776,0.20168075,0.22690979,3.913435,0.039660573,4.008234e-08,0.0,0.0,0.0,0.8800018,99.999985,0.0,271.45996,271.45987,271.45984,271.45996,0.17573887,0.22058344,0.27480823,0.30549443,226.09918,1.7725005,2.7572508,0.06957209,0.52339125,98993.11,302.01712,0.0,0.018000238,100905.945,613.7958,0.55165833,0.09445965,0.59013414,301.7691,301.4209,0.05775086,0.096720904,0.47822356,5.476172e-06,-0.00035646185,0.1306839,25.381908,39.547752,0.02103724,-59.99002,-2.9104227e-05,302.1541,300.73154,273.031,0.14298382,1.1792456,-2.6778393,0.22136249,1.1422969,0,0
2007-12-01,0.009286396,0.0,0.09285778,-0.4496231,-0.48569196,33.6559,40.51927,66.90779,5470.7617,4785.9814,27.465630000000033,297.08817,8.858479,295.80127,296.42868,0.7232534,273.14996,-7.3942515e-21,0.054362655,0.05868685,0.1914711,0.2124899,4.0035486,0.010513582,1.0494546e-08,0.0,0.0,0.0,0.8800012,99.999985,0.0,271.45987,271.46002,271.46014,271.45996,0.13860455,0.18140936,0.24680567,0.29488534,57.280487,1.6867046,2.3658524,-0.1550703,-0.44834942,99048.88,300.8787,0.0,0.018000238,100962.43,582.28265,0.36214805,-0.09333134,-0.5847659,300.83182,301.06186,0.01614965,0.029446103,0.3460595,5.4947304e-07,-0.020506263,0.030433655,12.175344,34.384056,-0.021750651,-61.66324,-1.984981e-05,300.95465,301.08145,272.9738,0.14056687,1.1793658,-2.6797228,-0.37834454,-1.1077175,0,0
2008-01-01,0.12891731,0.0,0.12103811,-0.74857295,-0.7627619,8.626835,11.487099,23.251587,5880.8604,4727.718,26.32650000000001,294.92215,12.862259,294.6562,294.84418,0.65642333,273.15033,-1.8962969999999998e-20,0.06680812,0.07271153,0.19684434,0.2163929,4.7759247,0.0030711936,9.604889e-09,0.0,0.0,0.0,0.88000095,99.999985,0.0,271.45984,271.46014,271.45984,271.45996,0.13612711,0.1662274,0.22412443,0.28538507,46.01944,1.6357348,2.1290092,-0.14562893,-1.3469839,99116.125,300.25772,0.0,0.018000219,101036.6,579.3281,0.3839478,-0.08937812,-1.4676695,300.42596,300.6914,0.0074531124,0.055451125,0.3594842,4.108618e-06,-0.026832461,0.02186203,17.174133,33.177734,-0.08059782,-66.93347,-1.7233462e-05,300.40054,300.9624,272.83002,0.1488917,1.1790723,-2.680132,-0.3769083,-2.7896824,0,0
2008-02-01,0.00016866397,0.0,0.10953683,-0.62861824,-0.6531265,14.164078,19.108349,37.32765,7668.3984,4609.3516,28.62975,294.0895,12.015917,293.59735,293.9654,0.6615952,273.1492,-2.6502188e-20,0.0809997,0.08934164,0.20965922,0.23370656,4.5333767,0.001889199,1.1815189e-09,0.0,0.0,0.0,0.8799948,99.999985,0.0,271.4599,271.46005,271.46008,271.45996,0.12012483,0.15760463,0.2087133,0.27692252,16.203064,1.63221,2.1245146,-0.67780304,-0.9870591,99086.14,301.84497,0.0,0.018000163,100997.74,622.88257,0.21724945,-0.63612556,-1.2062278,301.22668,300.80838,0.0036385953,0.006266594,0.20824897,6.659957e-08,-0.058370054,0.005264282,8.193274,30.837507,-0.051908433,-76.39052,-1.4074729e-05,301.78714,300.77173,273.07907,0.16563144,1.1793708,-2.680295,-1.4876318,-2.286251,0,0
2008-03-01,0.04076249,612.4757,0.13129032,-0.47263706,-0.4867701,166.3757,190.20909,232.52509,3351.7312,4623.877,31.170920000000024,299.375,5.2010136,295.4438,297.3564,0.72753143,273.14984,-3.5253055e-20,0.08521061,0.09424323,0.22772843,0.25535202,5.1683903,0.02656284,2.882615e-08,0.0,0.0,0.0,0.8799992,99.999985,0.0,271.45984,271.4599,271.46,271.45996,0.11815637,0.1532569,0.1987691,0.26882482,450.78394,1.651612,2.242878,0.71390057,1.1440282,98807.48,305.35925,0.0,0.018000212,100712.12,895.94434,0.53708047,0.70879924,1.2063205,304.48383,303.14877,0.053856403,0.10075015,0.46086138,1.5588312e-06,0.056892082,0.10834503,23.878208,43.23362,0.080321774,-95.165634,-1.4607445e-05,305.406,301.37076,273.1017,0.17947578,1.1792972,-2.6798306,1.2378561,2.1034956,0,0
2008-04-01,1.1880428,494.42633,0.12463081,-0.5163644,-0.53333235,147.27974,164.63428,198.97488,3263.3723,4657.075,30.302400000000034,300.82452,4.729437,296.11298,298.16446,0.77419364,273.1499,-4.0885812e-20,0.07889143,0.08732957,0.24316677,0.27331674,4.8807955,0.02975689,1.7099812e-06,0.0,0.0,0.0,0.8800026,99.999985,0.0,271.46033,271.45966,271.46008,271.45996,0.17435712,0.17808646,0.19604594,0.26117098,635.4386,1.6947832,2.457981,0.34115922,1.2588782,98814.81,304.72803,0.0,0.017999955,100722.09,794.06165,0.63559914,0.36158037,1.2928405,304.33368,303.90137,0.048028897,0.23300001,0.5545838,1.7777671e-05,0.02211935,0.17370605,27.383074,44.48529,0.07908706,-78.29303,-2.4866204e-05,304.5404,302.55554,273.0202,0.1860024,1.1786075,-2.6752548,0.7172699,2.2523794,0,0
2008-05-01,2.577593,320.7293,0.12703153,-0.7517737,-0.75791585,67.10411,72.90646,87.314575,2402.8389,4751.3506,29.16330000000005,300.9751,4.777789,296.33716,298.3543,0.77437174,273.15057,-5.0896572e-20,0.06632921,0.07366582,0.25375763,0.28554016,4.777776,0.049195785,8.3066357e-07,0.0,0.0,0.0,0.88000166,99.999985,0.0,271.46002,271.4599,271.46008,271.45996,0.23363477,0.20030671,0.1944015,0.2544937,996.551,1.7480669,2.7010145,0.58205783,1.3563948,98991.79,303.5193,0.0,0.018000044,100906.61,699.14984,0.7471483,0.585624,1.3596425,303.46228,303.53592,0.14939308,0.14861946,0.6775862,4.636211e-05,0.03460486,0.32320786,33.60193,47.544144,0.08156826,-58.77472,-3.1241092e-05,303.32654,303.1654,272.9818,0.18636253,1.1777699,-2.6665716,1.1022894,2.328621,0,0
2008-06-01,3.8991681999999996,222.43152,0.1307559,-0.83269966,-0.8375381,40.508255,42.95305,51.438934,1279.5786,4701.0947,27.585470000000043,299.85742,5.351861,296.3285,297.95697,0.7741162,273.1513,-4.4306469999999996e-20,0.054226637,0.060209632,0.25900626,0.29156217,4.7031956,0.15837044,7.017463e-06,0.0,0.0,0.0,0.8799962,99.999985,0.0,271.46002,271.46002,271.46005,271.45996,0.29396355,0.26495886,0.20442861,0.24937367,637.1741,1.7809505,2.8148012,0.75509965,1.491714,99192.76,301.48862,0.0,0.018000122,101117.59,600.43567,0.738631,0.746032,1.5056558,301.4447,302.1168,0.31959587,0.18358442,0.5995027,9.4313786e-05,0.05162505,0.49421692,33.504097,46.33831,0.086535126,-37.70958,-3.3991026e-05,300.91382,302.97864,273.02783,0.18347189,1.1762868,-2.653391,1.3422949,2.5922728,0,0
2008-07-01,8.242477,133.71237,0.12280667,-0.8407335,-0.8480511,12.999044,14.345009,20.74852,946.95483,4621.417,26.117150000000038,298.92523,6.096343,296.36273,297.59735,0.7623878,273.15045,-1.442287e-20,0.04689273,0.051889203,0.25926644,0.29204518,4.3567677,0.26107085,2.9212752e-05,0.0,0.0,0.0,0.8799974,99.999985,0.0,271.46008,271.45984,271.46002,271.45996,0.3650639,0.355883,0.2791754,0.25028443,531.6123,1.7803993,2.7834702,0.8490491,1.1929493,99327.04,299.9956,0.0,0.018000264,101259.25,465.6681,0.8070916,0.84846306,1.2375252,299.73715,300.51434,0.35603935,0.29897767,0.67175007,0.00017714869,0.05431951,0.7250328,33.82106,45.332836,0.06358147,-21.67097,-3.759439e-05,298.88544,302.089,273.11014,0.17994815,1.1739545,-2.6256561,1.5778244,2.2272558,0,0
2008-08-01,7.1380995,118.77196,0.11064124,-0.83084875,-0.8378145,10.573097,12.203516,18.685503,912.75195,4648.161,25.804280000000006,298.8419,6.2486296,296.552,297.63275,0.75082785,273.14972,-2.3819958e-21,0.044143993,0.04865303,0.25314546,0.28561434,4.071641,0.31497175,2.6370224e-05,0.0,0.0,0.0,0.8800036,99.999985,0.0,271.46002,271.4601,271.4603,271.45996,0.38057733,0.37936616,0.36130232,0.27515757,482.50183,1.7606947,2.6964693,0.8577571,0.8905852,99195.586,299.5241,0.0,0.018000644,101126.49,420.0202,0.88026917,0.8591299,0.92584157,299.267,299.8071,0.3491783,0.4218165,0.7513693,0.00019272423,0.0517253,0.78227234,33.834076,44.25642,0.046278358,-17.489418,-3.780562e-05,298.46722,301.04333,273.09985,0.1750691,1.1733891,-2.6174212,1.6087947,1.6499357,0,0
2008-09-01,7.0545245,181.68997,0.09957227,-0.72310126,-0.73530805,35.103638,38.243134,50.861557,1014.0342,4656.416,26.315480000000036,299.6152,5.6287127,296.89893,298.09546,0.7508,273.14832,-1.6500969e-21,0.04308247,0.04720503,0.2393071,0.27060333,3.8315496,0.21038014,2.9287505e-05,0.0,0.0,0.0,0.8799952,99.999985,0.0,271.4602,271.46014,271.45966,271.45996,0.3718744,0.37325454,0.37359214,0.31456715,817.98535,1.7934275,2.8401499,0.32792443,0.8205719,99230.31,300.04532,0.0,0.018000018,101158.47,423.7834,0.8113864,0.33408934,0.8448914,299.76672,299.87494,0.3412345,0.25697184,0.6647999,0.00015095928,0.01851489,0.62991333,33.373367,45.739456,0.040367424,-23.851822,-4.077747e-05,299.39954,300.37878,273.09222,0.16650751,1.1748405,-2.6340904,0.65256727,1.4886112,0,0
2008-10-01,2.6796558,286.98605,0.090247184,-0.43095577,-0.4614954,91.92818,102.365616,132.60585,1825.2739,4722.595,27.32230000000004,300.29803,4.86343,297.18665,298.4457,0.7509619,273.1496,-6.688605e-21,0.04122132,0.044343688,0.21768552,0.2462512,3.8172836,0.10019648,2.1967144e-06,0.0,0.0,0.0,0.8799989,99.999985,0.0,271.46,271.4603,271.46014,271.45996,0.32370484,0.33705944,0.34044737,0.3243376,900.657,1.8208046,2.9654655,0.19154671,0.7074688,99152.03,300.91193,0.0,0.017999742,101073.84,475.60016,0.6227386,0.22257489,0.74725074,300.49573,300.28363,0.18205744,0.13397202,0.5234337,7.493944e-05,0.0066430788,0.37815475,28.969124,43.750175,0.031509295,-36.84439,-4.3504497e-05,300.6161,300.22375,273.0712,0.15230212,1.1769303,-2.659851,0.5048866,1.369523,0,0
2008-11-01,0.016870705,587.27374,0.08642042,-0.22940814,-0.27949739,75.70993,94.49272,140.94745,5453.4775,4937.0234,28.548969999999997,299.0688,6.0160103,296.9585,297.9361,0.74560446,273.1499,-1.3112105e-20,0.043752957,0.04682776,0.20168075,0.22690979,3.7998247,0.020498341,2.1552523e-08,0.0,0.0,0.0,0.8800024,99.999985,0.0,271.46,271.46014,271.4602,271.45996,0.15757602,0.20782399,0.2694627,0.31577694,71.72258,1.7725005,2.7572508,0.05911851,0.13695747,99014.484,301.8131,0.0,0.017999828,100925.445,617.6233,0.46979636,0.11841864,0.11067409,301.5161,301.12982,0.031488795,0.043675818,0.42906794,1.1878549e-06,-0.0058060735,0.07709503,18.19681,36.401417,0.005659196,-61.730896,-2.7667018e-05,301.97525,300.49384,272.9679,0.14298382,1.1793468,-2.6793718,0.16738874,0.21087,0,0
2008-12-01,0.30179432,522.51447,0.096218556,-0.42406458,-0.456904,58.618988,68.3772,99.37468,4376.3877,4763.0146,28.351530000000025,298.19366,7.5453568,296.69336,297.40897,0.7333488,273.15027,-2.0715026e-20,0.054362655,0.05868685,0.1914711,0.2124899,4.0770426,0.014792994,1.1497414e-07,0.0,0.0,0.0,0.8800067,99.999985,0.0,271.4599,271.4604,271.46002,271.45996,0.14837301,0.1745776,0.23276848,0.30347902,131.82474,1.6867046,2.3658524,-0.07168394,-0.24617058,98999.266,301.88544,0.0,0.017999683,100911.14,600.5305,0.35368562,-0.06877023,-0.32641006,301.6949,301.6183,0.029421898,0.062652856,0.30801094,7.790616e-06,-0.009267375,0.066661835,17.281982,37.20585,-0.010509811,-62.414566,-2.0082574e-05,301.82327,301.02673,273.0043,0.14056687,1.1791196,-2.6775074,-0.2878027,-0.61096287,0,0
2009-01-01,0.010417022,0.0,0.10323587,-0.52026737,-0.5430299,64.65546,74.79643,101.61922,5969.244,4730.3257,28.29427000000004,296.75418,9.032571,295.62622,296.3435,0.6864195,273.15027,-7.039543e-21,0.06680812,0.07271153,0.19684434,0.2163929,4.2946873,0.009752661,3.6533265e-09,0.0,0.0,0.0,0.880001,99.999985,0.0,271.4602,271.45993,271.45996,271.45996,0.13094604,0.16255498,0.22027463,0.29293376,124.49989,1.6357348,2.1290092,0.48185682,-0.25869375,99025.37,302.01086,0.0,0.017999656,100936.49,631.0281,0.54856324,0.50685227,-0.3303017,301.96918,301.60883,0.019642321,0.043915585,0.51696587,4.2486448e-07,0.026808016,0.041015625,21.317526,38.211594,-0.014482122,-70.10948,-1.5906466e-05,302.54333,301.23157,272.82364,0.14889167,1.1793665,-2.6799002,0.7730882,-0.664382,0,0
2009-02-01,0.0061654137,714.8326,0.10037625,-0.3730026,-0.3993736,136.22517,160.68515,210.39673,4455.844,4770.5566,30.54272000000003,299.06323,6.2965508,297.32007,298.154,0.72176504,273.15048,-2.2280627e-20,0.080893785,0.0892182,0.20944163,0.23343396,4.3034782,0.01659508,2.2490383e-09,0.0,0.0,0.0,0.8800019,99.999985,0.0,271.45996,271.46017,271.4603,271.45996,0.123428464,0.15823925,0.21227759,0.284303,195.35706,1.6320617,2.1235275,0.38696975,0.33830115,98855.46,304.3537,0.0,0.018000238,100759.9,756.0602,0.48218673,0.38980812,0.28658032,303.65448,302.8407,0.030068548,0.06540765,0.4306398,3.7870927e-07,0.024918692,0.06277084,18.721449,38.920815,0.025178554,-83.888214,-1.481393e-05,304.30435,301.7286,273.07513,0.16542724,1.1793611,-2.679781,0.66256905,0.58002245,0,0
2009-03-01,0.019620065,680.13416,0.12244403,-0.447138,-0.4634449,161.45828,186.12054,231.91171,4473.0405,4816.177,32.22340000000003,300.75522,5.8389482,298.20984,299.30405,0.7334722,273.15027,-2.9997382e-20,0.08519429,0.094222516,0.22765714,0.25526482,4.9511156,0.017139161,3.9384815e-09,0.0,0.0,0.0,0.8799999,99.999985,0.0,271.45972,271.46002,271.4604,271.45996,0.11618461,0.1559422,0.19934559,0.27592945,476.08057,1.65155,2.2424278,0.5934682,0.85085225,98773.14,306.41382,0.0,0.0180002,100674.52,897.58105,0.58206207,0.59770405,0.8571694,305.47476,304.4372,0.0321061,0.0720181,0.5378149,5.213464e-07,0.042706482,0.07185745,23.476006,43.113678,0.060866054,-97.934525,-1.48317995e-05,306.1333,302.7008,273.11914,0.17941558,1.1793642,-2.679905,1.0418885,1.484909,0,1
2009-04-01,1.1165992,439.576,0.14702702,-0.7455667,-0.74913216,124.754456,132.69818,151.9808,3056.2097,4755.699,30.337500000000034,301.1003,6.200386,298.37158,299.5884,0.7351533,273.1516,-4.5053336e-20,0.07889143,0.08732957,0.24316677,0.27331674,5.3952875,0.019588165,2.0609099e-07,0.0,0.0,0.0,0.8799992,99.999985,0.0,271.46,271.4603,271.45996,271.45996,0.17944247,0.17014313,0.19702244,0.26776576,1061.3949,1.6947832,2.457981,0.76101995,1.7519336,98954.53,304.80576,0.0,0.017999746,100866.15,790.7886,0.7412371,0.74657106,1.7304235,304.69846,304.58148,0.09286377,0.1992731,0.66497135,3.0890194e-05,0.0597805,0.1891861,33.161552,47.830223,0.12161952,-77.435974,-2.5103982e-05,304.56796,303.70886,272.92468,0.1860024,1.178288,-2.670454,1.301851,2.8602972,0,0
2009-05-01,1.6865185,357.4775,0.12418491,-0.688085,-0.6929397,133.90405,142.76093,164.0933,2422.862,4746.577,29.579740000000015,301.3482,5.7866087,298.59375,299.75726,0.7353703,273.14996,-5.1968168e-20,0.06632921,0.07366582,0.25375763,0.28554016,4.786418,0.05151511,3.278028e-06,0.0,0.0,0.0,0.87999666,99.999985,0.0,271.4604,271.45978,271.46014,271.45996,0.21529424,0.21206725,0.20415115,0.26117897,1059.9668,1.7480669,2.7010145,0.46176624,1.5169516,99022.35,303.96878,0.0,0.018000107,100937.305,730.9204,0.66394675,0.4624325,1.508419,303.88223,303.93298,0.13729966,0.15608662,0.5879383,4.1796753e-05,0.031858623,0.2805977,31.887878,46.88822,0.092766345,-63.71695,-3.174467e-05,303.67566,303.9162,272.9527,0.18636253,1.177826,-2.6686487,0.8811166,2.5437784,0,0
2009-06-01,3.827733,255.01147,0.12920403,-0.792878,-0.79734224,82.02725,86.8354,99.949295,1315.8447,4677.647,27.830070000000035,300.3229,6.230506,298.26172,299.16034,0.73351514,273.15002,-4.009084e-20,0.054226637,0.060209632,0.25900626,0.29156217,4.6468763,0.13444817,3.892609e-06,0.0,0.0,0.0,0.8800019,99.999985,0.0,271.46,271.4599,271.46033,271.45996,0.275077,0.24739486,0.20373487,0.25547767,936.31287,1.7809505,2.8148012,0.7509284,1.4188428,99238.336,302.00992,0.0,0.018000241,101163.37,609.2782,0.73926604,0.74131346,1.428309,302.12946,302.9262,0.33713388,0.1633254,0.59345794,0.00011456362,0.049661867,0.51771927,33.501175,47.217052,0.083712325,-37.71132,-3.317788e-05,301.32214,303.7635,273.00262,0.18347242,1.175256,-2.6510725,1.3304477,2.4442139,0,0
2009-07-01,4.122217,157.81013,0.12277019,-0.8576828,-0.8634019,10.2304125,11.828854,17.575035,1013.0332,4752.6387,26.67977000000002,299.45175,6.926236,297.97015,298.6576,0.7307195,273.14972,-2.1482649999999998e-20,0.04689273,0.051889203,0.25926644,0.29204518,4.389431,0.20476139,5.592701e-06,0.0,0.0,0.0,0.8799994,99.999985,0.0,271.4601,271.45972,271.45972,271.45996,0.32764274,0.3082223,0.22811961,0.25239944,483.3849,1.7803993,2.7834702,0.8675852,1.2813301,99326.07,300.65143,0.0,0.018000051,101256.31,534.8148,0.8032191,0.8580463,1.3182831,300.56268,301.28607,0.34529096,0.26921672,0.6458664,0.00012909976,0.055347163,0.6491432,34.284706,44.99538,0.070644066,-29.296738,-3.7004585e-05,299.8344,302.81824,273.0876,0.17994815,1.1757185,-2.6386805,1.5611353,2.3132734,0,0
2009-08-01,7.6951217,114.27113,0.111990154,-0.8448477,-0.851458,9.872615,11.359606,17.494411,814.36646,4759.8447,26.26815000000005,299.4065,7.0808783,298.00882,298.6722,0.73049706,273.1494,-4.3239703000000004e-21,0.044143993,0.04865303,0.25314546,0.28561434,4.0254126,0.33677882,2.4273715e-05,0.0,0.0,0.0,0.8799999,99.999985,0.0,271.45972,271.45987,271.46005,271.45996,0.3759567,0.37015522,0.30896968,0.25836706,532.0864,1.7606947,2.6964693,0.719388,1.0647562,99263.766,300.20505,0.0,0.018000145,101194.42,428.93207,0.8637768,0.70657325,1.10742,300.0116,300.57568,0.43868524,0.33312714,0.73378897,0.00019719759,0.04380542,0.7949562,34.25343,44.37329,0.052774563,-20.555367,-3.8768223e-05,299.0954,301.83005,273.09555,0.1750691,1.1729627,-2.618187,1.3231392,2.0126305,0,0
2009-09-01,5.9743878,179.48288,0.09720695,-0.70833063,-0.72100925,36.75453,40.41548,53.185898,1018.4363,4719.7383,26.737850000000037,300.02606,6.1176405,298.31976,299.0575,0.73110676,273.14957,-1.1520239000000001e-21,0.04308247,0.04720503,0.2393071,0.27060333,3.7792492,0.19637883,2.084081e-05,0.0,0.0,0.0,0.87999916,99.999985,0.0,271.45996,271.4604,271.46,271.45996,0.36673844,0.36747086,0.3619203,0.29026777,991.2573,1.7934275,2.8401499,0.29789734,0.9014816,99306.56,300.55017,0.0,0.018,101235.266,419.3396,0.7649562,0.29320228,0.92696345,300.27643,300.41196,0.3520885,0.18816587,0.62724924,0.00014547308,0.017999962,0.65304947,32.873356,46.17634,0.04386747,-27.362228,-4.241213e-05,299.9044,301.0876,273.0509,0.16650918,1.1749034,-2.6372356,0.576375,1.6586876,0,0
2009-10-01,2.9031318,235.92902,0.09456366,-0.6610025,-0.6736096,63.204697,67.81961,84.42822,1363.5833,4695.593,27.09677000000005,300.05948,5.9191465,298.3811,299.104,0.73128366,273.1501,-4.590946e-21,0.04122132,0.044343688,0.21768552,0.2462512,3.8640003,0.12317228,5.3512176e-06,0.0,0.0,0.0,0.8800012,99.999985,0.0,271.45966,271.45996,271.45996,271.45996,0.32163763,0.32225347,0.3228389,0.29845834,882.23364,1.8208046,2.9654655,0.21091907,0.946208,99140.22,300.66937,0.0,0.018000223,101064.516,442.09216,0.7302155,0.21501994,0.9899881,300.41718,300.5514,0.26801473,0.22463039,0.57296944,8.615806e-05,0.009892719,0.47895813,31.843609,45.38302,0.042972192,-29.16954,-3.6695994e-05,300.10565,300.82477,273.0616,0.15230206,1.1771543,-2.6530552,0.46680224,1.7872896,0,0
2009-11-01,0.05482204,427.6162,0.0981774,-0.4039452,-0.43694812,92.13893,101.074066,132.5287,4082.8877,4797.6763,28.118920000000003,299.24643,8.170532,298.02026,298.59177,0.72116005,273.15015,-7.54073e-21,0.043752957,0.04682776,0.20168075,0.22690979,4.1029387,0.032793384,2.3154143e-08,0.0,0.0,0.0,0.87999547,99.999985,0.0,271.4604,271.46002,271.45972,271.45996,0.19100821,0.23553115,0.27865666,0.29438317,311.59058,1.7725005,2.7572508,-0.21145552,0.015050411,99088.555,301.47485,0.0,0.017999742,101004.03,588.68774,0.4196177,-0.2303955,-0.05866444,301.2602,301.10345,0.069996014,0.05661726,0.35378617,1.6348902e-06,-0.018154845,0.11791229,24.436357,38.453606,-0.00019054115,-56.08113,-3.1431562e-05,301.41946,300.84796,272.93546,0.14298382,1.1793294,-2.6795502,-0.5151768,-0.14310414,0,0
2009-12-01,0.0016639242,0.0,0.08567953,-0.37744915,-0.42039782,28.073246,36.1046,66.99524,6111.7407,4839.838,27.934750000000008,296.98145,11.677269,296.63702,296.8861,0.6618028,273.14938,-8.5930075e-21,0.054362655,0.05868685,0.1914711,0.2124899,3.8414335,0.007066846,1.0527515e-08,0.0,0.0,0.0,0.8799992,99.999985,0.0,271.45984,271.46017,271.46002,271.45996,0.13407256,0.17639923,0.24025089,0.28568733,27.212051,1.6867046,2.3658524,-0.2084074,-0.5014317,99085.03,301.01608,0.0,0.018000048,100996.25,547.38916,0.1945079,-0.17982823,-0.6746869,300.99512,301.0807,0.016314061,0.015384585,0.17016536,1.3544741e-07,-0.021532532,0.015533447,11.475992,34.35342,-0.024141993,-63.137527,-1.9099287e-05,301.26263,300.9671,272.87555,0.14056687,1.1793755,-2.6798382,-0.59826374,-1.2956657,0,0
2010-01-01,0.0011569318,0.0,0.09250355,-0.41706282,-0.45198977,46.367935,57.616768,91.66408,4877.8413,4895.4463,28.625500000000045,296.14185,10.478395,295.63553,295.97937,0.66025394,273.14935,-1.0581298e-20,0.06680812,0.07271153,0.19684434,0.2163929,4.0421324,0.00602748,3.2796663e-09,0.0,0.0,0.0,0.88000166,99.999985,0.0,271.46008,271.46002,271.45975,271.45996,0.12748301,0.16520202,0.22325116,0.28626925,51.98183,1.6357348,2.1290092,0.20185721,-0.43116713,99069.22,301.9999,0.0,0.017999545,100979.79,582.22314,0.21331865,0.25929672,-0.5692232,301.51846,301.097,0.014235357,0.025434181,0.18112227,1.4279703e-07,0.0054801702,0.016410828,11.420603,32.199043,-0.019461114,-69.803665,-1.5743324e-05,301.96533,301.04126,273.01184,0.14889167,1.1793643,-2.6799173,0.2510602,-1.0719271,0,0
2010-02-01,0.0039491715,0.0,0.1108166,-0.4359405,-0.45882797,120.9348,140.35773,179.71829,4192.6084,4876.3057,31.476530000000025,298.46448,6.946187,296.2141,297.5008,0.707814,273.14944,-1.2500042999999999e-20,0.080893785,0.0892182,0.20944163,0.23343396,4.577882,0.0050069336,7.8767926e-10,0.0,0.0,0.0,0.88000095,99.999985,0.0,271.4602,271.45984,271.46008,271.45996,0.111055404,0.15724564,0.20503926,0.2784571,221.24066,1.6320617,2.1235275,0.394642,0.26112533,98930.266,305.10706,0.0,0.018000714,100833.88,776.39734,0.36275357,0.39463377,0.2688685,304.1233,303.07733,0.017167676,0.067649186,0.31112945,3.300397e-07,0.025092572,0.025901794,17.332336,37.190353,0.017554455,-83.87479,-1.3675948e-05,304.81702,301.5516,273.09927,0.1654273,1.1793517,-2.6800947,0.5961337,0.5003238,0,0
2010-03-01,0.06659806,605.5805,0.11966008,-0.53530884,-0.55759436,92.37256,107.56094,141.60669,4650.166,4935.1836,32.3879,300.09207,5.5823555,296.97626,298.5401,0.77664363,273.15045,-3.039016e-20,0.08519429,0.094222516,0.22765714,0.25526482,4.8242264,0.010650298,8.966964e-09,0.0,0.0,0.0,0.8800013,99.999985,0.0,271.45972,271.4602,271.45984,271.45996,0.11332844,0.15551376,0.19138867,0.2706061,329.32275,1.65155,2.2424278,0.16135293,0.49159262,98943.89,306.27032,0.0,0.018000182,100845.92,901.04254,0.5188226,0.15983444,0.48036268,305.39728,304.61514,0.027061664,0.104866445,0.46156538,1.2432663e-06,0.010653284,0.047023773,19.510014,36.470207,0.037183695,-92.6935,-1.3925019e-05,305.8289,302.78745,273.10406,0.17941558,1.1792985,-2.679864,0.18543428,0.79328156,0,1
2010-04-01,0.8000685,451.14975,0.15164089,-0.6678731,-0.6734906,149.21025,162.86188,190.38562,2788.1338,4931.89,32.22866000000005,301.4126,5.355751,297.94232,299.53223,0.75539744,273.15125,-3.9072943e-20,0.07889143,0.08732957,0.24316677,0.27331674,5.6390333,0.026506722,1.872047e-07,0.0,0.0,0.0,0.87999785,99.999985,0.0,271.45978,271.4598,271.4602,271.45996,0.13645649,0.14804351,0.17519248,0.26233745,1002.3098,1.6947832,2.457981,0.9271221,1.5830498,98850.03,306.68933,0.0,0.018000226,100753.93,946.8745,0.6119188,0.91331196,1.5956364,306.22992,305.49634,0.110774934,0.1342578,0.53337955,1.9406314e-05,0.076580256,0.17113495,28.965866,45.58534,0.117604256,-92.03702,-1.7164715e-05,306.6374,303.90576,273.0002,0.1860024,1.1786666,-2.6745577,1.5272102,2.645544,0,1
2010-05-01,2.4154005,280.424,0.13969624,-0.8152132,-0.81771076,81.06238,85.570694,97.681274,1609.7292,4955.4053,29.680200000000013,301.34033,5.5388165,298.1283,299.58618,0.7646463,273.15137,-4.9833706e-20,0.06632921,0.07366582,0.25375763,0.28554016,5.0541773,0.069131576,1.0587271e-06,0.0,0.0,0.0,0.88000524,99.999985,0.0,271.4599,271.4599,271.45963,271.45996,0.23959804,0.21226925,0.16966939,0.25556082,1099.9271,1.7480669,2.7010145,0.8322191,1.659061,99030.66,303.86395,0.0,0.018000193,100945.84,715.1665,0.74340665,0.81641424,1.6430354,303.8099,304.174,0.25818604,0.13177615,0.6330696,5.7480545e-05,0.058994897,0.3697586,34.45039,46.887764,0.104788125,-54.31343,-3.033274e-05,303.52567,304.35486,273.00427,0.18636104,1.1771498,-2.6657,1.4094405,2.7396183,0,0
2010-06-01,3.4291511,201.50351,0.12189391,-0.8251125,-0.831476,37.41136,39.53932,48.15381,1197.4763,4837.1836,28.18530000000004,300.51685,5.900031,298.07147,299.17786,0.746299,273.15118,-4.5212264e-20,0.054226637,0.060209632,0.25900626,0.29156217,4.505849,0.13860923,6.3653197e-06,0.0,0.0,0.0,0.8800002,99.999985,0.0,271.46002,271.4601,271.46014,271.45996,0.28248954,0.24925482,0.18539518,0.25044602,795.67456,1.7809505,2.8148012,0.63742733,1.3919334,99260.95,302.22238,0.0,0.017999873,101185.16,599.78,0.7204138,0.6303365,1.407762,302.1468,302.85568,0.33206695,0.17816687,0.5394707,8.4102605e-05,0.042952836,0.5268936,34.019524,46.328938,0.08116226,-38.270645,-3.2874785e-05,301.5761,303.93073,273.07013,0.18347244,1.1766639,-2.6561804,1.1490066,2.412673,0,0
2010-07-01,7.3193945,138.38884,0.12623644,-0.8805729,-0.88513815,14.87772,16.137783,21.242933,1023.40845,4727.54,26.46120000000002,299.21857,7.4800587,297.73566,298.4649,0.7356659,273.14996,-1.4057875999999998e-20,0.04689273,0.051889203,0.25926644,0.29204518,4.465563,0.29863083,2.3555636e-05,0.0,0.0,0.0,0.8800008,99.999985,0.0,271.45996,271.46027,271.4599,271.45996,0.3563171,0.3446656,0.25378102,0.24878591,487.6195,1.7803993,2.7834702,0.9844413,1.1869538,99290.516,300.29483,0.0,0.017999899,101221.42,483.47815,0.8568734,0.98516107,1.2278907,300.19818,301.22662,0.35200536,0.40823254,0.7330617,0.00017521145,0.060807627,0.7045746,34.071896,44.264175,0.06333278,-18.531857,-3.626784e-05,299.14575,303.00336,273.1068,0.17994815,1.174221,-2.62387,1.811511,2.2233353,0,0
2010-08-01,9.178754000000001,129.15543,0.11993545,-0.84710383,-0.85330844,7.6518087,9.202334,14.810568,898.4321,4815.2183,26.30110000000002,299.0725,7.690955,297.71393,298.42453,0.7266049,273.15045,-1.6223772000000001e-21,0.044143993,0.04865303,0.25314546,0.28561434,4.3034506,0.33738464,4.5123714e-05,0.0,0.0,0.0,0.8800005,99.999985,0.0,271.4602,271.46,271.46008,271.45996,0.37481433,0.37400544,0.3567763,0.2724697,417.3744,1.7606947,2.6964693,0.91955626,1.1373441,99277.02,300.0136,0.0,0.017999765,101207.99,442.45776,0.8447997,0.9235785,1.1820815,299.74713,300.25543,0.37827027,0.39576247,0.7005383,0.00018141599,0.056666654,0.7804642,35.01575,44.113567,0.05954587,-18.285095,-3.8574748e-05,298.92807,301.70306,273.12793,0.1750691,1.1735682,-2.6221294,1.7067213,2.1057434,1,0
2010-09-01,6.3958260000000005,158.10738,0.097920656,-0.75564194,-0.76727235,22.166084,25.212418,35.56691,949.3286,4726.5645,26.35888,299.3628,6.7001915,298.0096,298.61853,0.7273191,273.15057,-2.3053714e-21,0.04308247,0.04720503,0.2393071,0.27060333,3.7838392,0.2895195,1.6272792e-05,0.0,0.0,0.0,0.8800049,99.999985,0.0,271.4602,271.4602,271.45996,271.45996,0.38165444,0.38256764,0.37458718,0.30826402,692.0984,1.7934275,2.8401499,0.47162277,0.8334782,99210.67,299.96658,0.0,0.01799995,101139.586,391.92725,0.84117395,0.46102715,0.8622954,299.6209,299.98383,0.37470728,0.300749,0.7319702,0.00017624116,0.027440343,0.73008347,33.98349,44.998657,0.037762493,-19.732498,-3.9863327e-05,299.09332,300.89307,273.1181,0.1665088,1.1738435,-2.6276836,0.83929276,1.5647469,0,0
2010-10-01,3.8418191999999998,186.18808,0.09049177,-0.60481083,-0.6207502,63.786743,70.42793,90.11067,1089.772,4723.5234,27.068930000000023,300.2861,5.2508802,298.30826,299.1728,0.7389749,273.14954,-7.736368e-21,0.04122132,0.044343688,0.21768552,0.2462512,3.7370052,0.14836878,3.1054824e-06,0.0,0.0,0.0,0.8799938,99.999985,0.0,271.46017,271.46017,271.45993,271.45996,0.35961038,0.36149085,0.35800004,0.32542783,1277.3301,1.8208046,2.9654655,0.2483306,0.8331225,99126.68,300.6527,0.0,0.018000498,101050.67,416.87518,0.7345704,0.24449617,0.86498606,300.3808,300.38843,0.3005882,0.17707482,0.60914415,0.00013251687,0.012719793,0.58675003,32.22495,45.43987,0.03820934,-26.82483,-4.1401265e-05,300.12476,300.54645,273.0584,0.15230215,1.175609,-2.6420841,0.50726706,1.5629339,0,0
2010-11-01,0.16740704,522.5006,0.0874424,-0.20232058,-0.2455287,148.04906,169.8662,219.61475,3564.33,4763.287,28.62990000000002,300.32288,6.129265,298.61066,299.35764,0.73056316,273.15045,-1.2039417e-20,0.043752957,0.04682776,0.20168075,0.22690979,3.7941637,0.037910193,5.2424e-08,0.0,0.0,0.0,0.8799957,99.999985,0.0,271.46014,271.45984,271.46,271.45996,0.21692133,0.25933117,0.30622107,0.32340145,446.22046,1.7725005,2.7572508,0.20419759,0.47392964,98953.63,301.9197,0.0,0.018000167,100865.945,548.68677,0.5148874,0.22644436,0.55153066,301.51526,301.1405,0.06732218,0.090503156,0.44206607,7.264285e-06,0.008064855,0.13854599,26.03915,41.069763,0.016421601,-50.88701,-3.4695382e-05,301.80484,300.64484,273.04797,0.14298382,1.1791039,-2.677371,0.4511484,1.0673015,0,0
2010-12-01,0.0018887076,0.0,0.08999273,-0.3688249,-0.4131798,30.233139,39.002823,72.207794,6634.5137,4855.702,27.091420000000028,296.903,12.234982,296.64325,296.79028,0.6715404,273.1494,-1.2947499500000001e-20,0.054362655,0.05868685,0.1914711,0.2124899,3.9439144,0.00997456,1.36021185e-08,0.0,0.0,0.0,0.8799997,99.999985,0.0,271.46002,271.46014,271.46027,271.45996,0.14167261,0.18511736,0.2536903,0.3120957,19.409813,1.6867046,2.3658524,-0.27664185,-0.6924453,98938.59,300.21832,0.0,0.018000048,100849.81,542.72473,0.29815805,-0.219141,-0.8642416,300.3167,300.66492,0.015454412,0.013294194,0.27650872,1.5606292e-07,-0.027530253,0.02153778,11.26445,33.15319,-0.033857904,-58.814972,-2.1700886e-05,300.41632,300.86237,272.88547,0.14056687,1.1793627,-2.6800327,-0.66601086,-1.6165009,0,0
2011-01-01,0.00015123442,0.0,0.10108,-0.57180923,-0.60006416,16.237858,20.745388,40.91786,8263.611,4766.664,26.711100000000044,294.75446,13.281136,294.53027,294.69928,0.65207684,273.15027,-9.197114e-21,0.06680812,0.07271153,0.19684434,0.2163929,4.275094,0.003545031,7.8767926e-10,0.0,0.0,0.0,0.88000256,99.999985,0.0,271.46002,271.45972,271.4598,271.45996,0.13313508,0.16981775,0.23696202,0.30130792,10.69104,1.6357348,2.1290092,-0.5513735,-0.94953156,98959.91,300.01334,0.0,0.018000335,100873.31,535.50757,0.36444813,-0.5367584,-1.1626301,299.87567,299.974,0.007344412,0.001376139,0.36266232,5.602533e-08,-0.04305333,0.0065460205,8.064556,32.740074,-0.04459414,-65.10892,-1.7616367e-05,300.2027,300.50464,272.90735,0.14888814,1.1793706,-2.6801672,-1.2943735,-2.2191753,0,0
2011-02-01,0.16305095,552.6866,0.11898422,-0.510851,-0.52649677,120.827225,136.7623,170.0788,3581.436,4578.7144,30.74532000000005,298.6874,5.849086,295.4321,297.14127,0.7226828,273.1504,-1.9674614e-20,0.080893785,0.0892182,0.20944163,0.23343396,4.7395563,0.014430146,1.8872697e-08,0.0,0.0,0.0,0.88000196,99.999985,0.0,271.46002,271.45978,271.4598,271.45996,0.11973637,0.1611535,0.21783,0.29214835,374.39532,1.6320617,2.1235275,0.6092489,0.48637125,98876.42,304.55548,0.0,0.018000305,100783.51,794.66974,0.6259919,0.61659,0.5129936,303.63574,302.39975,0.031415433,0.16195247,0.5630334,7.2290322e-06,0.03925632,0.08394241,26.82383,43.56333,0.029475065,-79.86804,-1.603868e-05,304.4402,300.77054,273.09015,0.1654273,1.1789296,-2.6785736,1.1027722,0.9403398,0,0
2011-03-01,0.017171911,709.95197,0.12151909,-0.39217412,-0.4103725,177.34384,203.73734,251.38794,4448.759,4770.3623,32.03120000000001,300.59937,5.187768,296.19336,298.24426,0.77122813,273.1496,-2.4912976999999998e-20,0.08519429,0.094222516,0.22765714,0.25526482,4.946555,0.020092824,5.1568634e-09,0.0,0.0,0.0,0.8799957,99.999985,0.0,271.4602,271.46002,271.45972,271.45996,0.12175405,0.15709257,0.19992119,0.28313208,483.23608,1.65155,2.2424278,0.3968253,0.8839785,98805.81,306.0827,0.0,0.017999995,100708.61,911.58215,0.6472794,0.42943478,0.9389484,305.07852,304.0292,0.041665494,0.071176514,0.603862,7.4107766e-07,0.023515888,0.08641434,21.155022,42.710033,0.057003066,-94.496445,-1.5576989e-05,305.69873,302.05804,273.12598,0.17941558,1.1793357,-2.6799765,0.8321638,1.6867838,0,1
2011-04-01,0.5058083999999999,518.2559,0.14877021,-0.64653856,-0.6539641,132.78587,146.28989,173.12259,3346.3147,4742.511,31.42828000000003,300.77664,5.331831,296.44263,298.4542,0.77189386,273.14917,-4.3178392e-20,0.07889143,0.08732957,0.24316677,0.27331674,5.571806,0.018075481,7.4246486e-08,0.0,0.0,0.0,0.8800057,99.999985,0.0,271.45996,271.4602,271.46014,271.45996,0.13312298,0.14767963,0.1856913,0.27379483,700.3867,1.6947832,2.457981,0.7266189,1.4421878,98809.78,305.7445,0.0,0.01800029,100714.766,912.5915,0.726786,0.7260523,1.4425626,305.3092,304.74048,0.07202545,0.14950162,0.67453766,5.104684e-06,0.055488504,0.11956024,26.401066,45.23948,0.10596901,-90.35362,-1.6949354e-05,305.6853,303.2604,273.00543,0.1860024,1.1791619,-2.679021,1.2879155,2.3722677,0,0
2011-05-01,2.3344993,278.31793,0.14343148,-0.83241224,-0.83493507,72.41177,76.096756,86.923676,1811.3967,4904.219,29.662800000000004,300.898,5.2594776,296.6584,298.6102,0.7719056,273.1505,-5.4930014e-20,0.06632921,0.07366582,0.25375763,0.28554016,5.202873,0.07465599,2.9911716e-06,0.0,0.0,0.0,0.8800032,99.999985,0.0,271.45966,271.46,271.46002,271.45996,0.21500683,0.17537808,0.17879277,0.26560205,1087.6794,1.7480669,2.7010145,0.8153887,1.713265,99016.664,303.7296,0.0,0.018000092,100932.0,759.6773,0.80003,0.80227375,1.7016578,303.64545,303.9372,0.23893154,0.14482576,0.70441335,4.9830094e-05,0.060599342,0.376976,33.16944,46.298252,0.11381674,-63.225403,-2.732929e-05,303.58386,303.83368,272.98724,0.18636283,1.1775656,-2.6667118,1.3908913,2.8225002,0,0
2011-06-01,3.786114,190.81467,0.12574273,-0.8373093,-0.84332645,20.585442,22.319923,29.222614,1185.9897,4786.831,27.797200000000032,300.19543,5.2742662,296.7093,298.3079,0.7719202,273.14917,-4.2266655e-20,0.054226637,0.060209632,0.25900626,0.29156217,4.5337896,0.1274609,1.8723658e-06,0.0,0.0,0.0,0.8800038,99.999985,0.0,271.4596,271.46008,271.4601,271.45996,0.30599952,0.27908444,0.19360167,0.25981277,825.937,1.7809505,2.8148012,0.82691073,1.4086313,99226.82,301.70038,0.0,0.018000133,101151.75,585.621,0.7781225,0.8100438,1.4281759,301.618,302.32248,0.3466947,0.14448667,0.612543,0.00010076772,0.05347587,0.5351372,34.206512,46.67321,0.07934278,-33.7473,-3.6133766e-05,300.97534,303.46237,273.0611,0.18347217,1.1760824,-2.6517534,1.4451957,2.499444,0,0
2011-07-01,3.44205,192.82759,0.12319994,-0.849754,-0.8556745,29.094887,30.577229,37.67946,1145.3572,4716.7495,26.756370000000004,299.3263,5.7461157,296.68375,297.95636,0.77185714,273.15024,-1.563845e-20,0.04689273,0.051889203,0.25926644,0.29204518,4.449069,0.19230717,5.3796375e-06,0.0,0.0,0.0,0.8800008,99.999985,0.0,271.46014,271.46027,271.4599,271.45996,0.30989522,0.29372662,0.22204942,0.2563846,449.6715,1.7803993,2.7834702,0.8865863,1.3098264,99262.016,300.62347,0.0,0.017999798,101191.0,540.2988,0.76482904,0.8691734,1.3369913,300.4829,301.13348,0.36754626,0.24356243,0.58394015,0.000104456834,0.054616407,0.6064148,33.406757,45.45915,0.07021688,-29.831894,-3.6384918e-05,299.88828,302.5359,273.0962,0.17994815,1.1761088,-2.649271,1.5772772,2.3580112,0,0
2011-08-01,6.925162,125.873535,0.115474045,-0.8140348,-0.82312155,8.575407,9.805279,16.60567,905.53467,4691.9287,26.05690000000004,298.96738,6.3125267,296.73517,297.8778,0.7706746,273.1508,-1.9423982000000002e-21,0.044143993,0.04865303,0.25314546,0.28561434,4.1206093,0.34138632,1.7746494e-05,0.0,0.0,0.0,0.8800035,99.999985,0.0,271.46027,271.46002,271.46027,271.45996,0.36390668,0.35162675,0.28034347,0.25776273,501.5498,1.7606947,2.6964693,0.7916428,1.0197172,99281.58,299.81335,0.0,0.01799994,101212.875,428.15198,0.8635986,0.77949023,1.0563619,299.58655,300.21967,0.41082507,0.3600741,0.71397936,0.00017906926,0.048318982,0.7677078,34.17724,44.63024,0.052705437,-19.75515,-3.666117e-05,298.81705,301.56848,273.12244,0.1750691,1.1737778,-2.6228037,1.4575591,1.8971567,0,0
2011-09-01,6.121779,173.35081,0.104462594,-0.7400951,-0.7522204,32.551453,35.200607,46.810425,961.1863,4641.425,26.540369999999996,299.5437,5.4998436,296.95007,298.16418,0.7700514,273.14935,-1.3081956e-21,0.04308247,0.04720503,0.2393071,0.27060333,3.946682,0.22798127,2.6047943e-05,0.0,0.0,0.0,0.87999964,99.999985,0.0,271.46,271.45996,271.45984,271.45996,0.36557811,0.36556488,0.34447515,0.27578884,773.2363,1.7934275,2.8401499,0.37142074,0.9183214,99290.41,300.16797,0.0,0.01799976,101220.01,431.8974,0.7970083,0.35542476,0.9568074,299.8913,300.09668,0.35008752,0.32263166,0.64732087,0.0001543799,0.022751398,0.643795,33.20707,45.491173,0.04376501,-25.161613,-3.966814e-05,299.422,300.80615,273.10016,0.16650763,1.1749897,-2.6309175,0.6727623,1.729723,0,0
2011-10-01,3.026018,263.3533,0.09223303,-0.5093944,-0.5307701,84.519424,93.90303,118.78029,1590.9326,4639.14,27.145140000000026,300.32428,4.760974,297.20258,298.55344,0.7701323,273.1503,-4.031239e-21,0.04122132,0.044343688,0.21768552,0.2462512,3.9315767,0.09841633,2.988255e-06,0.0,0.0,0.0,0.8800039,99.999985,0.0,271.45996,271.45984,271.45996,271.45996,0.32394487,0.3306769,0.33477956,0.29098928,989.6111,1.8208046,2.9654655,0.06765258,0.8795879,99071.83,300.80408,0.0,0.018000212,100993.84,462.75983,0.6767647,0.08039272,0.93474317,300.54282,300.49988,0.20020688,0.17501605,0.57510847,8.997125e-05,-7.6174736e-05,0.4331665,30.691141,44.541447,0.04096054,-35.877563,-4.118015e-05,300.36877,300.56345,273.05844,0.1523017,1.1766642,-2.6542158,0.24668854,1.6893959,0,0
2011-11-01,0.007014367,0.0,0.083788395,-0.1551683,-0.21568418,100.01366,119.56059,168.37569,5075.0405,4842.3535,28.17416000000003,299.12656,6.072135,297.07898,298.06488,0.7635754,273.1502,-8.316073e-21,0.043752957,0.04682776,0.20168075,0.22690979,3.717969,0.031919822,2.6073167e-08,0.0,0.0,0.0,0.87999785,99.999985,0.0,271.4599,271.46002,271.45984,271.45996,0.1705361,0.22404355,0.2859286,0.2894259,38.372337,1.7725005,2.7572508,-0.16772407,0.07388335,99056.92,301.18695,0.0,0.01800036,100970.14,570.4938,0.4272958,-0.19735819,0.09731972,300.94275,300.87903,0.0490558,0.023573812,0.3829378,3.6389824e-07,-0.012148656,0.08926773,15.626942,35.847168,-0.0003025122,-59.646896,-3.0010699e-05,301.16125,300.65045,272.98022,0.14298382,1.1793602,-2.6795073,-0.43203545,0.22144471,0,0
2011-12-01,0.00015123442,0.0,0.09701151,-0.5544368,-0.5862734,5.186738,7.479784,24.973583,0.0,4814.2217,27.09725000000003,295.2054,13.11459,294.96948,295.13943,0.6553329,273.14996,-1.1535492500000001e-20,0.054362655,0.05868685,0.1914711,0.2124899,4.1619844,0.0010137409,3.9383963e-10,0.0,0.0,0.0,0.8799996,99.999985,0.0,271.45987,271.4602,271.4604,271.45996,0.12974755,0.1763606,0.24288434,0.2812916,2.4566803,1.6867046,2.3658524,-0.5740738,-0.94883776,99129.375,300.21814,0.0,0.0180002,101044.734,550.432,0.1320794,-0.56044674,-1.2225528,300.08466,300.1989,0.0021196604,0.0046736933,0.12716132,1.659248e-08,-0.043807328,0.0017623901,7.829916,30.669125,-0.043655515,-60.84468,-1.875004e-05,300.3108,300.56543,272.9146,0.14056687,1.179378,-2.6801853,-1.3563881,-2.3211517,0,0
2012-01-01,0.0009441719,0.0,0.10188976,-0.564928,-0.58885163,38.105118,46.01645,68.65605,6142.0176,4728.4653,27.35342000000003,295.38538,10.917046,294.4877,295.0617,0.6636514,273.14978,-1.4679419e-20,0.06680812,0.07271153,0.19684434,0.2163929,4.2939577,0.0053771017,2.6503244e-09,0.0,0.0,0.0,0.87999713,99.999985,0.0,271.46002,271.4599,271.45987,271.45996,0.12696093,0.16996342,0.22834873,0.27347577,35.18235,1.6357348,2.1290092,-0.11221218,-0.65644777,99104.19,300.89188,0.0,0.018000066,101019.72,594.75476,0.30295998,-0.116379976,-0.81120443,300.74567,300.55267,0.008657272,0.036383085,0.2737801,7.177141e-08,-0.011774652,0.020645142,12.237711,33.66063,-0.03005743,-68.46701,-1.597248e-05,301.1057,300.45804,272.88934,0.14889167,1.1793724,-2.6801386,-0.44983864,-1.4901495,0,0
2012-02-01,0.14221738,545.02454,0.11984742,-0.54796314,-0.56228095,130.52982,145.61758,178.20535,3144.4985,4581.626,30.712120000000027,299.25684,5.1553164,295.3164,297.27808,0.7565774,273.14948,-1.6969872e-20,0.0809997,0.08934164,0.20965922,0.23370656,4.802884,0.026210858,4.648316e-08,0.0,0.0,0.0,0.87999773,99.999985,0.0,271.46005,271.45978,271.45987,271.45996,0.117917344,0.16026562,0.21242815,0.2666952,314.94873,1.63221,2.1245146,0.6181543,0.6945157,98867.05,304.6137,0.0,0.017999675,100774.22,806.4247,0.51102287,0.59218645,0.7239907,303.65314,302.61798,0.049657445,0.11235249,0.43109334,4.2320353e-06,0.04795862,0.10425949,24.9478,43.689034,0.04358335,-85.41702,-1.5091711e-05,304.40683,301.01453,273.1106,0.16562879,1.179098,-2.6792755,1.0037067,1.3092387,0,0
2012-03-01,0.016892687,607.57306,0.11588955,-0.4744801,-0.49548668,113.60141,135.52316,178.64444,5162.6934,4691.2427,31.686059999999998,299.45468,5.42449,295.6588,297.53265,0.7814351,273.15027,-3.3989619999999997e-20,0.08521061,0.09424323,0.22772843,0.25535202,4.760397,0.017991185,1.1429506e-08,0.0,0.0,0.0,0.8800006,99.999985,0.0,271.45984,271.45972,271.46008,271.45996,0.10949987,0.15013945,0.19020289,0.25963277,328.8767,1.651612,2.242878,0.21889871,0.13931227,98905.57,305.52576,0.0,0.018000063,100808.54,844.9812,0.63077295,0.24166322,0.1424157,304.6772,303.8224,0.034117967,0.06120591,0.5957719,3.2396179e-07,0.008841798,0.062870026,16.908537,37.288044,0.0075935423,-95.593445,-1.2765166e-05,305.30835,302.1671,273.10538,0.17947468,1.1793587,-2.6802378,0.37135333,0.25290108,0,0
2012-04-01,1.6899720999999999,412.71588,0.16417229,-0.7663094,-0.7696403,107.920685,114.41298,130.6567,2491.266,4745.718,30.75436000000002,300.88193,5.203676,296.01782,298.31476,0.7813593,273.1507,-4.8066554e-20,0.07889143,0.08732957,0.24316677,0.27331674,5.9095182,0.040124975,5.8362065e-07,0.0,0.0,0.0,0.8800007,99.999985,0.0,271.4599,271.4599,271.45996,271.45996,0.18638098,0.15587687,0.17150319,0.25243205,1055.1359,1.6947832,2.457981,1.159445,1.8425064,98898.43,305.1105,0.0,0.01800023,100807.95,888.0001,0.6933765,1.1306008,1.8301902,304.7641,304.2912,0.098555505,0.14436617,0.63147366,2.608179e-05,0.09373048,0.24010849,32.75139,48.082153,0.13613403,-84.48819,-2.3405111e-05,305.11328,303.13562,273.01666,0.1860024,1.178452,-2.6712523,1.9409351,3.0320454,0,0
2012-05-01,4.1427366,249.59381,0.13556218,-0.8022618,-0.8068541,58.720947,62.604004,73.79755,1681.4202,4735.687,28.540369999999996,300.659,4.954385,296.21667,298.25748,0.78140306,273.14996,-5.052626e-20,0.06632921,0.07366582,0.25375763,0.28554016,4.918186,0.10003412,3.0935753e-06,0.0,0.0,0.0,0.8799988,99.999985,0.0,271.46008,271.46017,271.45996,271.45996,0.27295923,0.22975928,0.17028916,0.2463066,1079.3671,1.7480669,2.7010145,0.8332436,1.5226202,99117.234,302.83167,0.0,0.018000107,101037.36,680.23254,0.7958989,0.81889415,1.5171008,302.8556,303.39124,0.25494617,0.17568046,0.7065766,8.599243e-05,0.06017293,0.41458893,34.183502,47.843872,0.101617426,-50.16867,-3.188269e-05,302.28668,303.52292,272.97754,0.18636313,1.1762605,-2.6568298,1.4474797,2.5656643,0,0
2012-06-01,5.4796487,187.85342,0.12636852,-0.8244597,-0.8303858,35.41884,37.621307,45.99054,1089.6309,4705.327,27.240080000000034,299.95074,5.302088,296.30164,298.03415,0.78139853,273.14972,-4.7657446e-20,0.054226637,0.060209632,0.25900626,0.29156217,4.5489044,0.14846963,9.066294e-06,0.0,0.0,0.0,0.88000166,99.999985,0.0,271.45966,271.45975,271.4602,271.45996,0.32869315,0.3152609,0.21137667,0.24272227,852.1101,1.7809505,2.8148012,0.9300294,1.3414245,99291.43,301.1659,0.0,0.017999515,101219.016,557.27515,0.749651,0.9260514,1.376842,301.0903,301.77298,0.33124822,0.17331177,0.6057616,0.00011241592,0.05748564,0.55781555,33.30732,46.33544,0.07664792,-29.824158,-3.771804e-05,300.46542,302.96912,273.0687,0.18347305,1.1756941,-2.6496239,1.708209,2.4224386,0,0
2012-07-01,9.775552999999999,105.78969,0.12067443,-0.8669519,-0.8736412,5.078536,5.8659964,10.762815,789.8174,4720.5635,25.865200000000016,298.70456,6.006939,296.27966,297.5136,0.7809368,273.15094,-1.2765982e-20,0.04689273,0.051889203,0.25926644,0.29204518,4.2721987,0.36548573,4.6098008e-05,0.0,0.0,0.0,0.8800011,99.999985,0.0,271.4602,271.46002,271.45978,271.45996,0.38014823,0.37677723,0.3325618,0.25596362,407.38428,1.7803993,2.7834702,0.95956206,1.1510596,99308.93,299.5896,0.0,0.017999735,101241.82,436.9552,0.84433043,0.953815,1.2029258,299.36072,300.1231,0.40962142,0.36671442,0.6918371,0.00020225732,0.059112445,0.8172989,34.43383,44.062424,0.05777321,-15.842194,-3.752885e-05,298.4914,301.8789,273.12408,0.17994815,1.1731105,-2.6171227,1.7651191,2.2048416,1,0
2012-08-01,8.654121,119.73877,0.126387,-0.8234904,-0.83357406,7.9763002,8.882765,15.653173,843.39453,4694.839,25.55334000000005,298.37457,6.8093967,296.41483,297.4477,0.76976144,273.14972,-2.1357985000000003e-21,0.044143993,0.04865303,0.25314546,0.28561434,4.4220934,0.36788648,4.710263e-05,0.0,0.0,0.0,0.8800002,99.999985,0.0,271.45984,271.46033,271.45978,271.45996,0.3812058,0.38230914,0.37784356,0.29575425,305.67334,1.7606947,2.6964693,1.0048232,1.0364547,99369.69,299.22137,0.0,0.018000077,101304.06,435.6853,0.8750369,0.99509573,1.0731416,298.98566,299.54327,0.44691038,0.4328785,0.70104337,0.00017818283,0.05982116,0.7520561,33.28325,44.12259,0.055217236,-15.663986,-3.656373e-05,298.26266,300.8166,273.13058,0.1750691,1.1738183,-2.6213388,1.8411598,1.9542685,1,0
2012-09-01,8.1957765,126.838974,0.096592456,-0.7680124,-0.7784428,17.221647,19.341858,28.613647,921.7539,4662.18,26.093800000000044,299.384,5.1971016,296.76996,297.96075,0.7680321,273.1511,-1.8811194e-21,0.04308247,0.04720503,0.2393071,0.27060333,3.7394104,0.30945027,2.3481054e-05,0.0,0.0,0.0,0.8800012,99.999985,0.0,271.4604,271.46014,271.45963,271.45996,0.38323367,0.38504267,0.38309616,0.3387074,757.177,1.7934275,2.8401499,0.4736842,0.8242874,99353.17,299.82782,0.0,0.017999928,101285.58,391.5083,0.8142628,0.47520477,0.86307,299.47925,299.62122,0.36205262,0.32198378,0.6714864,0.0001942579,0.024897173,0.7554741,33.793243,45.329407,0.03817176,-21.184685,-3.9152997e-05,298.93027,300.1339,273.11218,0.16650748,1.1732625,-2.6222591,0.95884466,1.5572872,0,0
2012-10-01,2.7937700000000003,227.94885,0.09102878,-0.59799725,-0.6128185,67.25662,73.94252,93.40309,1343.3025,4681.462,27.324640000000045,300.4419,4.5577593,297.09494,298.50967,0.7704288,273.15018,-5.892518e-21,0.04122132,0.044343688,0.21768552,0.2462512,3.862831,0.08660759,1.5181395e-06,0.0,0.0,0.0,0.88000256,99.999985,0.0,271.45972,271.45987,271.45996,271.45996,0.3368662,0.33759815,0.33209062,0.34400225,1254.6274,1.8208046,2.9654655,0.25621343,0.8223796,99145.055,300.90234,0.0,0.017999925,101068.484,454.53522,0.70951605,0.27156273,0.86576796,300.48737,300.26,0.2160123,0.15075338,0.5995099,9.139026e-05,0.011033528,0.46551514,31.97337,45.81613,0.03745693,-33.10945,-4.2223935e-05,300.4681,300.04337,273.08737,0.15230185,1.1768587,-2.6527824,0.5754114,1.5717134,0,0
2012-11-01,0.09385036499999999,530.09045,0.09150332,-0.2951905,-0.32923967,126.45853,145.46355,187.74048,2986.2258,4779.9062,29.16097000000002,300.33795,5.0327225,297.21902,298.63245,0.77044135,273.1505,-9.000614e-21,0.043752957,0.04682776,0.20168075,0.22690979,3.9802275,0.04450482,3.209118e-08,0.0,0.0,0.0,0.87999654,99.999985,0.0,271.4599,271.45996,271.4599,271.45996,0.18716359,0.23048413,0.27186292,0.33130944,372.94714,1.7725005,2.7572508,0.07249844,0.6921891,99035.16,302.6036,0.0,0.018000063,100948.41,625.20026,0.54681057,0.061406083,0.75869536,302.11935,301.4903,0.062447526,0.08868906,0.4759916,2.5396405e-06,0.0019477494,0.16328049,25.276844,40.32877,0.0298037,-58.73137,-3.0542717e-05,302.56995,300.4887,273.03665,0.14298394,1.1793628,-2.6784496,0.15626073,1.4257059,0,0
2012-12-01,0.0034014083000000004,0.0,0.094619155,-0.4995231,-0.52898216,41.7052,49.0744,73.552704,6103.782,4859.214,27.90643,297.711,9.0879965,296.52258,297.10425,0.723572,273.14978,-6.821523e-21,0.054362655,0.05868685,0.1914711,0.2124899,4.079561,0.012408977,2.7643523e-09,0.0,0.0,0.0,0.8800014,99.999985,0.0,271.46014,271.46002,271.4602,271.45996,0.1348724,0.16975713,0.2344287,0.3169648,47.404488,1.6867046,2.3658524,-0.30616474,-0.46049994,99049.78,301.27942,0.0,0.017999798,100962.56,596.00446,0.33312172,-0.2900114,-0.59789014,301.3707,301.5271,0.019682614,0.017412923,0.31282914,8.788038e-08,-0.026106749,0.04134369,14.470501,35.090096,-0.02028431,-63.454697,-1.882758e-05,301.5998,301.13654,272.8356,0.14056687,1.1793818,-2.6800213,-0.694973,-1.1806087,0,0
2013-01-01,0.046870933000000004,459.1443,0.10624543,-0.62742174,-0.6443688,47.981476,54.740295,74.922806,4929.253,4825.645,28.723600000000033,296.58502,10.199489,295.38818,296.11993,0.66419613,273.14923,-2.0086298e-20,0.06680812,0.07271153,0.19684434,0.2163929,4.3810244,0.0085102795,1.1534411e-08,0.0,0.0,0.0,0.8800036,99.999985,0.0,271.45978,271.4601,271.46014,271.45996,0.1261347,0.15439564,0.21887857,0.30461895,206.49237,1.6357348,2.1290092,0.0023152828,-0.52183294,99105.05,302.37817,0.0,0.017999537,101017.61,643.70795,0.33605722,0.016562283,-0.62898207,302.1433,301.4889,0.012528613,0.05684246,0.29896688,1.3764248e-06,-0.0071434863,0.049324036,22.458786,37.6587,-0.028051715,-70.12804,-1.5801364e-05,302.85626,301.12988,272.80997,0.14889167,1.1793222,-2.6797647,-0.16176033,-1.2176294,0,0
2013-02-01,0.019969901999999998,502.52515,0.10711977,-0.52997917,-0.54769075,94.32106,110.28711,144.04745,5516.714,4807.507,30.77084000000002,298.19272,6.7324123,296.227,297.25836,0.7205259,273.14978,-1.1527279e-20,0.080893785,0.0892182,0.20944163,0.23343396,4.474865,0.006180339,2.8857983e-09,0.0,0.0,0.0,0.88000244,99.999985,0.0,271.45966,271.45926,271.46002,271.45996,0.11173917,0.14700025,0.20317072,0.29435778,248.61328,1.6320617,2.1235275,0.1393063,0.1407432,98907.94,304.55,0.0,0.018000145,100812.62,747.4906,0.47890675,0.13327497,0.10046954,303.8432,302.9848,0.014030624,0.061256915,0.44130054,4.8513505e-07,0.007242106,0.032562256,21.554543,39.50312,0.011585593,-83.254456,-1.3671459e-05,304.57184,301.74158,273.02924,0.16542584,1.179374,-2.6797256,0.15534991,0.13261425,0,0
2013-03-01,0.19284538999999998,583.65686,0.15164459,-0.56426966,-0.5717328,180.25809,196.56412,229.62543,3271.1118,4777.742,32.40700000000004,301.26395,4.988678,297.09952,299.03638,0.7773247,273.1499,-3.0505997999999997e-20,0.08519429,0.094222516,0.22765714,0.25526482,5.6797094,0.01051585,3.393859e-08,0.0,0.0,0.0,0.8799977,99.999985,0.0,271.46014,271.45972,271.46033,271.45996,0.11547482,0.15530992,0.19757825,0.28472936,642.2329,1.65155,2.2424278,0.87283003,1.4895144,98871.58,306.70963,0.0,0.017999973,100775.05,969.61285,0.5890105,0.84356713,1.5149136,305.97272,304.97284,0.029952018,0.12187198,0.52489597,3.2296894e-06,0.07762432,0.07546234,27.275505,45.196983,0.115263164,-96.003235,-1.5881124e-05,306.6294,302.92664,273.06174,0.17941806,1.1792531,-2.679162,1.4287419,2.5344477,0,1
2013-04-01,2.8654495,383.90106,0.13895011,-0.7211821,-0.7260679,101.282104,108.99933,127.36665,2742.6917,4765.0693,30.426900000000046,301.24506,5.1170626,297.27695,299.13123,0.7820523,273.14905,-4.8803223e-20,0.07889143,0.08732957,0.24316677,0.27331674,5.176503,0.037721913,2.9728196e-06,0.0,0.0,0.0,0.879997,99.999985,0.0,271.46002,271.46027,271.46008,271.45996,0.20232332,0.1725452,0.18715686,0.27570474,960.1553,1.6947832,2.457981,0.73436546,1.4173756,98980.74,304.8723,0.0,0.018000335,100892.31,790.09485,0.68095326,0.72116446,1.4194589,304.66614,304.68857,0.079043895,0.2172859,0.5988937,4.3073946e-05,0.055623136,0.25572586,33.031303,47.284218,0.09573759,-76.65372,-2.7042053e-05,304.64093,303.94897,273.02832,0.1860024,1.1777813,-2.666542,1.279686,2.3817453,0,0
2013-05-01,1.6902343,282.58163,0.13878667,-0.8146957,-0.8192849,55.79004,58.93535,69.24872,1914.1692,4829.5845,29.299220000000048,300.9689,5.440713,297.43048,299.14963,0.78198,273.15015,-5.557294e-20,0.06632921,0.07366582,0.25375763,0.28554016,5.031021,0.06573856,2.6753428e-06,0.0,0.0,0.0,0.8800018,99.999985,0.0,271.4602,271.45972,271.46033,271.45996,0.24638271,0.23466307,0.1855802,0.2683835,1168.6758,1.7480669,2.7010145,0.65266395,1.6469455,99104.266,303.35498,0.0,0.01800014,101021.2,688.1188,0.74573153,0.64393044,1.6385632,303.2787,303.5362,0.17682016,0.14314029,0.6647941,5.35905e-05,0.046837114,0.31189728,33.853733,47.636356,0.1032362,-52.8313,-3.360713e-05,303.1508,303.96356,272.98627,0.18636149,1.1775832,-2.6645594,1.2035027,2.7419443,0,0
2013-06-01,3.2307222,235.7749,0.14591616,-0.86524534,-0.86844623,43.32245,45.75815,53.534286,1265.6765,4726.2207,27.76275000000004,299.94482,6.1694517,297.4774,298.73038,0.7787022,273.15045,-4.3793814e-20,0.054226637,0.060209632,0.25900626,0.29156217,5.083308,0.13129371,5.8545065e-06,0.0,0.0,0.0,0.8799996,99.999985,0.0,271.46014,271.46027,271.45972,271.45996,0.26765656,0.24723256,0.1937179,0.26232284,700.2838,1.7809505,2.8148012,0.9475039,1.7276177,99233.69,301.84058,0.0,0.018000156,101158.46,654.6593,0.7187988,0.9308319,1.7317667,301.935,302.63495,0.3296281,0.22234799,0.54772985,9.6742195e-05,0.066744685,0.49176025,33.358467,46.693275,0.11049932,-36.717422,-3.2242002e-05,301.28796,303.55914,272.97455,0.1834727,1.17619,-2.653431,1.6632199,2.9408855,0,0
2013-07-01,4.5202402,155.51775,0.13060135,-0.87514246,-0.88165534,11.44502,12.197101,17.313656,995.4436,4630.8516,26.479730000000018,299.15094,6.981514,297.55997,298.3632,0.7516097,273.1496,-1.4010133e-20,0.04689273,0.051889203,0.25926644,0.29204518,4.5578537,0.22010386,6.947058e-06,0.0,0.0,0.0,0.88000196,99.999985,0.0,271.45993,271.46,271.4602,271.45996,0.33435988,0.32059896,0.2347008,0.2592706,462.8369,1.7803993,2.7834702,1.0060431,1.3082745,99357.28,300.41925,0.0,0.018000942,101288.484,541.2529,0.78443134,0.9907999,1.3456624,300.3226,301.10303,0.38245684,0.25591162,0.5969535,0.00011773394,0.065684855,0.67892456,33.56464,45.409225,0.072771296,-26.414803,-3.792e-05,299.56696,302.65286,273.07483,0.17994815,1.1763005,-2.6404905,1.7849813,2.3687153,0,0
2013-08-01,5.694083,124.790375,0.118745565,-0.8515795,-0.8588834,4.3814993,5.265748,10.645513,946.146,4685.2017,25.92166000000003,298.5569,8.1317215,297.55804,298.06763,0.72101533,273.14987,-2.8353976e-21,0.044143993,0.04865303,0.25314546,0.28561434,4.2667675,0.3124261,2.9874398e-05,0.0,0.0,0.0,0.879997,99.999985,0.0,271.45987,271.45984,271.45978,271.45996,0.34949744,0.33900237,0.2788028,0.26203108,301.1004,1.7606947,2.6964693,0.9445543,0.98047256,99276.984,299.63583,0.0,0.01800004,101208.516,458.55945,0.8430548,0.93432784,1.0173488,299.44037,300.0653,0.43633074,0.4387725,0.64937156,0.00016433197,0.059436243,0.7355423,34.26146,43.942543,0.05338172,-20.235111,-3.6290374e-05,298.73346,301.55774,273.12476,0.1750691,1.1745317,-2.624652,1.6990273,1.8262901,0,0
2013-09-01,9.895660000000001,166.84166,0.10448825,-0.7030034,-0.7163316,32.89682,36.95807,50.42395,911.5486,4676.636,26.344570000000033,299.46448,6.4390526,298.02914,298.6638,0.7221918,273.14948,-2.6906533e-21,0.04308247,0.04720503,0.2393071,0.27060333,3.9346218,0.27504838,6.056417e-05,0.0,0.0,0.0,0.88000494,99.999985,0.0,271.45975,271.4602,271.46036,271.45996,0.37605244,0.3772813,0.36303025,0.29198498,843.9741,1.7934275,2.8401499,0.44021928,0.85427284,99294.516,300.0627,0.0,0.018000104,101224.0,422.5343,0.75743055,0.4330719,0.89298034,299.79022,299.98502,0.35626572,0.28368455,0.62559456,0.00017364105,0.026446015,0.66327286,32.501495,45.420235,0.04102628,-25.54596,-4.128482e-05,299.3949,300.72833,273.06598,0.1665073,1.1740391,-2.6274366,0.8301544,1.6349812,1,0
2013-10-01,2.1472990000000003,304.01428,0.09575686,-0.44733965,-0.47061896,119.76752,132.43372,164.14738,1581.4075,4603.3706,27.44216,300.33405,5.528261,298.37018,299.22632,0.7288136,273.1503,-1.3807696e-20,0.04122132,0.044343688,0.21768552,0.2462512,3.995305,0.096834615,2.2744243e-06,0.0,0.0,0.0,0.87999976,99.999985,0.0,271.45972,271.46017,271.45996,271.45996,0.31088614,0.32433933,0.33760333,0.3090155,937.59863,1.8208046,2.9654655,0.15663302,0.84202623,99195.0,301.01813,0.0,0.018000133,101117.97,489.1742,0.6322826,0.17574596,0.90508306,300.674,300.5103,0.1845417,0.15336862,0.50319105,6.814451e-05,0.0073840767,0.39128876,31.477314,44.665268,0.038995147,-38.992874,-4.2356507e-05,300.74127,300.4873,273.0658,0.15230179,1.1776805,-2.6587868,0.40443352,1.6394005,0,0
2013-11-01,0.02446715,567.58826,0.09824228,-0.29847604,-0.32806528,145.49292,164.4728,208.32146,3298.9167,4823.463,28.88333,300.0261,6.475773,298.50122,299.174,0.7225929,273.14954,-1.2546679e-20,0.043752957,0.04682776,0.20168075,0.22690979,4.1652813,0.04911772,3.3832762e-08,0.0,0.0,0.0,0.87999547,99.999985,0.0,271.4604,271.4599,271.46014,271.45996,0.16211706,0.2111541,0.27308923,0.3025366,223.43494,1.7725005,2.7572508,0.19523054,0.5600493,98982.75,302.5169,0.0,0.017999932,100894.625,657.6244,0.46630985,0.19655854,0.6440282,302.14093,301.60547,0.056934476,0.058394387,0.40139621,1.0709593e-06,0.010347586,0.16648483,24.920774,40.48095,0.022617638,-63.474594,-2.843653e-05,302.6262,300.8023,272.9812,0.14298382,1.1793638,-2.679388,0.3622772,1.2035263,0,0
2013-12-01,0.0098096,0.0,0.10208443,-0.52313524,-0.5462516,63.453033,74.6707,103.95032,5494.7637,4752.7,28.060050000000047,297.82404,10.392336,297.17603,297.4925,0.6878773,273.1504,-1.22752924e-20,0.054362655,0.05868685,0.1914711,0.2124899,4.2688923,0.013434753,9.883138e-09,0.0,0.0,0.0,0.88000095,99.999985,0.0,271.46057,271.45972,271.45996,271.45996,0.12731221,0.16336876,0.23272824,0.29240805,95.43364,1.6867046,2.3658524,-0.055315316,-0.35422683,99114.125,301.65536,0.0,0.01799976,101028.67,638.53125,0.42673516,-0.034736335,-0.45150363,301.70517,301.7883,0.022394357,0.038342077,0.39727938,4.5129127e-07,-0.010416485,0.05665207,16.308826,35.701477,-0.016857915,-66.260635,-1.7582803e-05,301.9175,301.4016,272.86993,0.14056687,1.1793625,-2.6799545,-0.21292877,-0.8849211,0,0
2014-01-01,0.24997791999999996,460.03915,0.097869635,-0.5493427,-0.57273996,45.723495,57.597572,87.62062,4692.745,4714.2705,28.467280000000017,296.56793,10.679024,295.86975,296.32498,0.6627905,273.1507,-1.2558207600000001e-20,0.06680812,0.07271153,0.19684434,0.2163929,4.1677413,0.015504628,8.6232575e-08,0.0,0.0,0.0,0.88000065,99.999985,0.0,271.46057,271.46008,271.45996,271.45996,0.124085695,0.15205741,0.21748424,0.2831543,158.34534,1.6357348,2.1290092,0.044454932,-0.38454324,99057.45,302.0049,0.0,0.0180007,100969.53,624.2648,0.39346462,0.05392331,-0.53039396,301.73395,301.46082,0.029043125,0.059432194,0.34202677,6.3471807e-06,-0.002337996,0.058246613,17.240368,36.75041,-0.013746023,-67.87221,-1.5479309e-05,302.2057,301.36832,272.92398,0.14888953,1.1790103,-2.678256,-0.07868767,-0.99247265,0,0
2014-02-01,0.008047646,0.0,0.10596654,-0.58277047,-0.60472333,48.9084,59.64711,86.42265,5863.971,4695.792,30.356040000000007,297.5584,7.848957,296.4597,297.1098,0.7197964,273.15082,-1.8354905e-20,0.080893785,0.0892182,0.20944163,0.23343396,4.425989,0.0062907934,4.7911612e-09,0.0,0.0,0.0,0.88000023,99.999985,0.0,271.46027,271.45953,271.45984,271.45996,0.11902955,0.1464197,0.19953442,0.27524978,110.0368,1.6320617,2.1235275,0.073563814,-0.3067944,98939.516,303.93182,0.0,0.018000025,100845.375,763.2706,0.5595636,0.08103049,-0.3809659,303.22858,302.5812,0.009083609,0.07507324,0.52882797,3.9065074e-07,-0.0032534264,0.02400589,20.319065,37.19324,-0.017810237,-81.54201,-1.3624711e-05,303.92325,301.72632,273.06882,0.16542682,1.1793585,-2.6800156,-0.0050115585,-0.72562504,0,0
2014-03-01,0.35443273000000003,512.86804,0.14357269,-0.6143061,-0.62101054,144.20467,160.48636,192.21596,2893.8262,4735.7773,31.55734000000001,300.41528,5.989625,297.62262,298.95645,0.74573237,273.1506,-2.880375e-20,0.08519429,0.094222516,0.22765714,0.25526482,5.4804726,0.020411132,6.180394e-08,0.0,0.0,0.0,0.8799969,99.999985,0.0,271.45996,271.45972,271.45987,271.45996,0.11698583,0.13797611,0.18069768,0.26730114,676.44995,1.65155,2.2424278,0.74922967,1.1918533,98907.22,305.94974,0.0,0.017999485,100813.16,967.15656,0.63739765,0.7409537,1.2118981,305.22528,304.19812,0.04354349,0.14172119,0.5707403,5.2617297e-06,0.060395017,0.13516235,27.922108,43.530186,0.08614105,-96.23172,-1.3851335e-05,306.08527,302.53748,273.0621,0.17941558,1.1792018,-2.6782598,1.291081,2.0430946,0,0
2014-04-01,1.6574629,374.7588,0.15208077,-0.76991177,-0.7730279,93.450714,100.92136,117.27106,2797.9937,4795.4307,31.026940000000025,301.22992,5.907365,298.0271,299.50684,0.75494426,273.14993,-4.3538128e-20,0.07889143,0.08732957,0.24316677,0.27331674,5.601075,0.02226983,9.420229e-07,0.0,0.0,0.0,0.8799988,99.999985,0.0,271.4597,271.45963,271.46027,271.45996,0.16039562,0.13752447,0.17138153,0.25920087,811.8251,1.6947832,2.457981,0.7645252,1.7308764,98960.8,305.57724,0.0,0.017999873,100870.17,891.93945,0.69723344,0.7450614,1.7154093,305.35614,304.82584,0.058959544,0.1653188,0.6389077,3.6683443e-05,0.060987644,0.21354294,32.950607,47.08567,0.124877036,-90.07001,-2.0684893e-05,305.5689,303.58575,272.96506,0.1860024,1.1780126,-2.6686783,1.3048277,2.8205223,0,0
2014-05-01,5.6432374,258.7342,0.11910245,-0.6782951,-0.68738097,76.67677,83.63635,101.485306,1887.5315,4863.9756,28.725850000000037,301.30777,5.479597,298.18307,299.56476,0.75501055,273.14996,-5.2617229999999996e-20,0.06632921,0.07366582,0.25375763,0.28554016,4.4279165,0.10729605,1.0795797e-05,0.0,0.0,0.0,0.87999976,99.999985,0.0,271.45984,271.45984,271.46008,271.45996,0.31759322,0.2976467,0.20148742,0.25313747,1224.4729,1.7480669,2.7010145,0.5690297,1.1389835,99049.28,302.8589,0.0,0.01800014,100965.81,571.3327,0.7525625,0.5710337,1.1565509,302.8482,303.3971,0.14762175,0.19197455,0.6832391,9.243794e-05,0.034118712,0.3968277,34.474777,46.649246,0.06221342,-42.67038,-4.0445746e-05,302.44904,303.82053,273.02582,0.18636149,1.1764636,-2.650735,1.1112711,2.0519161,0,0
2014-06-01,3.907267,222.87271,0.13245147,-0.83236384,-0.83791935,35.57402,37.629044,45.737274,1180.2607,4788.0312,27.84796,300.35214,5.9941883,298.03992,299.10248,0.75447416,273.15085,-4.1903467e-20,0.054226637,0.060209632,0.25900626,0.29156217,4.6601696,0.12923014,2.4359524e-06,0.0,0.0,0.0,0.8800035,99.999985,0.0,271.45996,271.4602,271.46,271.45996,0.31781042,0.30861205,0.23983169,0.2504108,948.66064,1.7809505,2.8148012,0.8362851,1.5296593,99224.17,301.6529,0.0,0.017999802,101147.9,576.7991,0.7423142,0.82470596,1.5413871,301.62787,302.19122,0.34294719,0.15214488,0.5673055,8.51465e-05,0.055818625,0.534153,34.22086,47.08954,0.08890742,-30.515366,-3.7726277e-05,301.20035,303.2622,273.0274,0.18347149,1.1765832,-2.6565075,1.493494,2.6694984,0,0
2014-07-01,4.3315683,173.9562,0.1404236,-0.902604,-0.906736,11.478914,12.14486,16.232628,981.2229,4742.4385,26.91772000000003,299.4594,7.347336,297.88962,298.68817,0.7432924,273.15045,-1.53613e-20,0.04689273,0.051889203,0.25926644,0.29204518,4.8610144,0.19904834,8.533735e-06,0.0,0.0,0.0,0.8800051,99.999985,0.0,271.45953,271.45978,271.4602,271.45996,0.33697355,0.3254739,0.25879264,0.25035203,476.453,1.7803993,2.7834702,1.0904417,1.4768276,99421.45,300.7422,0.0,0.017999966,101352.28,574.00684,0.7252345,1.0746157,1.5100818,300.60187,301.23492,0.3668596,0.24084908,0.5281532,0.00010716553,0.07534012,0.64514923,34.08158,45.659508,0.08736105,-26.682182,-3.9536644e-05,300.07312,302.46558,273.10797,0.17994815,1.1765738,-2.6447763,1.906621,2.6552353,0,0
2014-08-01,8.376516,156.6637,0.12854564,-0.82692456,-0.8376044,6.629279,7.433715,13.873058,836.60596,4665.272,25.811120000000017,298.79095,8.180471,297.71283,298.28195,0.73162997,273.14954,-2.784735e-21,0.044143993,0.04865303,0.25314546,0.28561434,4.552107,0.3355713,4.0795305e-05,0.0,0.0,0.0,0.88000524,99.999985,0.0,271.4592,271.4599,271.45996,271.45996,0.3692451,0.36283374,0.31400454,0.25759757,411.56995,1.7606947,2.6964693,0.9692521,1.1398997,99346.11,299.57578,0.0,0.017999753,101278.72,481.5995,0.8236371,0.96325445,1.1819224,299.4948,300.1391,0.43100137,0.36199164,0.65117806,0.00016338628,0.06358669,0.7544899,33.82907,44.75302,0.064211786,-19.386719,-3.7788937e-05,298.77502,301.515,273.10217,0.1750691,1.1743054,-2.626378,1.7541466,2.1105223,0,0
2014-09-01,9.696994,133.24512,0.10504815,-0.7760062,-0.7847283,26.024242,28.61176,38.145416,823.2732,4670.8926,25.998379999999997,299.4375,6.8442287,298.13095,298.71643,0.7251855,273.14948,-2.059055e-21,0.04308247,0.04720503,0.2393071,0.27060333,3.9310465,0.3108248,2.4776287e-05,0.0,0.0,0.0,0.8799993,99.999985,0.0,271.45978,271.4599,271.45972,271.45996,0.3848337,0.3861639,0.37682593,0.29547286,717.848,1.7934275,2.8401499,0.4733708,0.9213114,99302.18,299.90076,0.0,0.017999612,101233.01,408.77295,0.808988,0.46546704,0.9600606,299.70752,299.9659,0.39527297,0.29146254,0.66548127,0.00019779753,0.028830377,0.7653694,34.06861,45.429256,0.042512517,-22.35347,-4.0884348e-05,299.16864,300.71765,273.1032,0.16650778,1.1732743,-2.620242,0.8866099,1.7498541,1,0
2014-10-01,2.4898667000000003,262.90686,0.092969865,-0.5268748,-0.54370725,110.938156,120.914474,147.723,1530.2427,4710.17,27.145170000000007,300.23563,5.7496986,298.5158,299.234,0.729836,273.15,-5.8768662e-21,0.04122132,0.044343688,0.21768552,0.2462512,3.9426813,0.119509876,2.5777526e-06,0.0,0.0,0.0,0.8800011,99.999985,0.0,271.46027,271.4598,271.45996,271.45996,0.32427454,0.33566475,0.34875578,0.32547885,1012.4321,1.8208046,2.9654655,0.21318966,0.8618139,99199.25,300.80084,0.0,0.017999757,101123.336,460.18213,0.68281066,0.23271894,0.9173852,300.50842,300.3825,0.20088327,0.17799275,0.55490136,8.7041524e-05,0.008986909,0.44543839,31.236725,44.36914,0.03811048,-33.92244,-4.123498e-05,300.4979,300.43393,273.0645,0.152302,1.176432,-2.6558905,0.51351124,1.6664076,0,0
2014-11-01,0.18420437,477.2694,0.09252256,-0.3574587,-0.38795733,137.80042,153.65028,192.53778,3250.9846,4795.8535,28.714500000000044,300.2235,6.0065784,298.60773,299.3074,0.72822875,273.14972,-1.26210895e-20,0.043752957,0.04682776,0.20168075,0.22690979,3.9619246,0.049806193,3.939283e-08,0.0,0.0,0.0,0.8799993,99.999985,0.0,271.45978,271.46033,271.4602,271.45996,0.18685937,0.23045027,0.27927846,0.31705093,389.03174,1.7725005,2.7572508,0.2006523,0.5987766,99096.85,302.33524,0.0,0.017999794,101012.14,619.4679,0.51889926,0.20435596,0.62864685,301.95355,301.51788,0.07539393,0.07329751,0.44447413,4.3363534e-06,0.010932412,0.15808487,24.361969,41.359253,0.028444944,-57.919968,-3.069071e-05,302.3652,300.75153,273.0407,0.14298382,1.179272,-2.6780844,0.37568906,1.1593704,0,0
2014-12-01,0.0020383413,0.0,0.09199104,-0.46109927,-0.49541986,34.775177,45.691067,76.42012,5027.075,4902.84,27.81880000000001,297.51355,10.77251,297.19977,297.38086,0.69312024,273.1497,-9.250765e-21,0.054362655,0.05868685,0.1914711,0.2124899,4.0102544,0.010863781,1.1919013e-08,0.0,0.0,0.0,0.8800011,99.999985,0.0,271.46,271.46014,271.46008,271.45996,0.13328078,0.1758281,0.23973137,0.3044961,15.180239,1.6867046,2.3658524,-0.16452765,-0.5929605,99158.58,301.27844,0.0,0.018000294,101073.28,595.92645,0.19655865,-0.12772685,-0.73721266,301.2826,301.3974,0.018559562,0.017997615,0.16555387,1.7440794e-07,-0.019596044,0.025184631,13.925963,33.25488,-0.027955767,-64.71582,-1.8918476e-05,301.47516,301.1801,272.934,0.14056687,1.1793697,-2.6799192,-0.4200325,-1.4196062,0,0
2015-01-01,0.008448662000000001,0.0,0.11260873,-0.645173,-0.6630489,33.983788,41.734924,62.77591,3737.5242,4729.2236,26.974540000000047,294.38733,11.192677,293.36655,293.98102,0.6650165,273.15012,-1.1742982e-20,0.06680812,0.07271153,0.19684434,0.2163929,4.5992117,0.006487714,9.771568e-09,0.0,0.0,0.0,0.88000095,99.999985,0.0,271.45996,271.4599,271.45978,271.45996,0.11583342,0.15525591,0.21865511,0.2942103,49.14064,1.6357348,2.1290092,-0.3624239,-0.8343396,99268.38,300.56857,0.0,0.017999433,101189.164,602.9953,0.21443117,-0.3489809,-0.9901986,300.3532,300.43127,0.012806211,0.019877411,0.19223917,2.8964791e-07,-0.034704864,0.02400589,7.1469536,31.496727,-0.044258684,-72.166534,-1.3916942e-05,300.6728,301.1425,272.99426,0.14889167,1.1793664,-2.68017,-0.8385277,-1.8566628,0,0
2015-02-01,0.30943187,459.76907,0.115317345,-0.50265795,-0.5219478,113.02704,132.4705,172.74582,3506.5706,4740.1406,30.900540000000035,299.37964,4.7758102,294.06415,296.72516,0.7677534,273.1502,-1.4183789e-20,0.080893785,0.0892182,0.20944163,0.23343396,4.6503315,0.021733683,7.0846184e-08,0.0,0.0,0.0,0.88000464,99.999985,0.0,271.45984,271.45966,271.45996,271.45996,0.11581744,0.14896804,0.20427287,0.28496194,383.4713,1.6320617,2.1235275,0.51360947,0.43228877,98964.445,304.6876,0.0,0.018000364,100870.66,808.0266,0.5969049,0.50632566,0.45321062,303.94232,302.94083,0.041736733,0.09605187,0.5433029,6.395993e-06,0.033283655,0.120326996,23.255207,40.108906,0.026692294,-81.95082,-1.4767604e-05,304.79187,301.43097,273.07925,0.1654273,1.1790822,-2.6781206,0.84938574,0.797927,0,0
2015-03-01,1.1228386,499.6223,0.12922245,-0.53928405,-0.5551497,126.89273,146.97601,186.31479,3814.2744,4724.8994,31.250699999999995,300.21838,4.7919216,294.57257,297.2497,0.79085314,273.15033,-2.9205739999999996e-20,0.08519429,0.094222516,0.22765714,0.25526482,5.0656414,0.03047096,1.9381805e-06,0.0,0.0,0.0,0.8800011,99.999985,0.0,271.4599,271.45972,271.4599,271.45996,0.13384813,0.13900375,0.18460393,0.27613991,564.2737,1.65155,2.2424278,0.5137229,0.66524863,98910.22,305.3679,0.0,0.017999806,100815.24,870.05585,0.6235226,0.52203923,0.6898885,304.76395,303.96695,0.04412063,0.11410774,0.57800114,1.6743585e-05,0.03668642,0.14460373,25.642368,41.96018,0.042650864,-89.686584,-1.578308e-05,305.4478,302.42572,273.10944,0.17941603,1.1787008,-2.6744108,0.92052424,1.2419817,0,0
2015-04-01,0.052769670000000005,595.8717,0.12728262,-0.47193402,-0.4894799,158.39497,180.13231,222.52441,3301.109,4780.508,31.443200000000047,300.404,4.6434193,294.79742,297.40002,0.79087245,273.15048,-4.5195317e-20,0.07889143,0.08732957,0.24316677,0.27331674,5.083502,0.028461719,4.8414563e-08,0.0,0.0,0.0,0.8800024,99.999985,0.0,271.46005,271.45993,271.45984,271.45996,0.14467496,0.16212988,0.17153579,0.26740873,472.65063,1.6947832,2.457981,0.25217026,1.0045146,99004.7,305.65454,0.0,0.017999932,100911.34,916.88464,0.43275982,0.2741425,1.0528829,304.90558,304.19064,0.060849845,0.09781575,0.34970042,1.8025456e-06,0.017936297,0.11523056,21.214928,41.28179,0.06598206,-95.85802,-1.7060804e-05,305.58517,303.22058,273.07208,0.1860024,1.1793141,-2.6798573,0.5145869,1.8154593,0,0
2015-05-01,1.2130477000000002,367.91016,0.15731657,-0.7686602,-0.7704824,123.98581,131.57114,149.40218,2231.1265,4787.4336,30.684870000000046,301.1629,4.5700703,295.12158,297.89297,0.79084635,273.1501,-5.0602822e-20,0.06632921,0.07366582,0.25375763,0.28554016,5.72939,0.04115218,4.983542e-07,0.0,0.0,0.0,0.8799978,99.999985,0.0,271.45978,271.4603,271.46005,271.45996,0.17179203,0.15829527,0.16730607,0.25881922,1054.2615,1.7480669,2.7010145,0.8517448,1.8688221,99065.36,305.19736,0.0,0.018000018,100978.086,875.19495,0.6693376,0.8373146,1.8381515,305.04114,304.85464,0.13354611,0.16715395,0.55926293,2.2002248e-05,0.06949645,0.25168228,32.248005,47.89645,0.13624,-78.988235,-2.2051223e-05,305.1571,303.96478,272.9555,0.18636149,1.1786826,-2.6740894,1.4331379,2.969821,0,0
2015-06-01,2.583516,221.3346,0.15967351,-0.9383047,-0.9399571,23.258976,23.973087,27.57156,1082.2737,4773.163,28.17184000000003,299.6761,5.153062,295.28094,297.41824,0.7907559,273.1496,-4.4147075e-20,0.054226637,0.060209632,0.25900626,0.29156217,5.4481344,0.12508994,1.4460711e-06,0.0,0.0,0.0,0.88000005,99.999985,0.0,271.45984,271.46008,271.46014,271.45996,0.25090986,0.20982581,0.16479439,0.2524405,664.7351,1.7809505,2.8148012,1.0712727,1.9547291,99302.94,302.20337,0.0,0.01799997,101228.11,716.56116,0.70284224,1.0517111,1.9449606,302.25568,303.0481,0.42595506,0.19205642,0.41228688,6.628991e-05,0.07876536,0.5118103,33.983685,47.16108,0.1292311,-38.793594,-2.7375805e-05,301.77112,303.9427,273.04138,0.18347256,1.1769966,-2.6635857,1.8101187,3.2329464,0,0
2015-07-01,5.272002,153.70331,0.13003469,-0.88351643,-0.8877827,10.211904,11.2541485,15.8340225,1039.5652,4778.0664,27.177880000000016,299.56757,5.3578205,295.47278,297.50122,0.7908139,273.15094,-1.5089487e-20,0.04689273,0.051889203,0.25926644,0.29204518,4.650529,0.21276772,1.7458198e-05,0.0,0.0,0.0,0.88000464,99.999985,0.0,271.46048,271.45975,271.45993,271.45996,0.3071035,0.2739095,0.18092024,0.24774528,592.7821,1.7803993,2.7834702,0.9327806,1.3753681,99340.69,301.1731,0.0,0.01800032,101269.484,565.1384,0.76857173,0.9291992,1.4010854,301.151,301.93835,0.36674404,0.27872592,0.5702408,0.00012930593,0.059908092,0.6411743,34.185738,45.471016,0.08072011,-34.3257,-3.4604265e-05,300.4643,303.2314,273.09216,0.17994815,1.1756542,-2.6384544,1.6989048,2.41819,0,0
2015-08-01,10.024164,118.15222,0.111398876,-0.8408475,-0.84825736,6.020583,6.957881,12.482918,800.0105,4816.6025,26.187160000000006,299.13153,5.263875,295.612,297.35492,0.79091305,273.1504,-2.2246003e-21,0.044143993,0.04865303,0.25314546,0.28561434,4.013358,0.41595852,5.7448342e-05,0.0,0.0,0.0,0.8800037,99.999985,0.0,271.45984,271.45978,271.45972,271.45996,0.37297136,0.36424363,0.28874594,0.25731295,355.74347,1.7606947,2.6964693,0.81084037,1.0245194,99328.18,299.98077,0.0,0.018000219,101259.75,416.99402,0.86111504,0.8076303,1.0586216,299.85388,300.55917,0.4698333,0.40223587,0.69833994,0.00017195249,0.046431698,0.8189812,34.523968,43.990334,0.052021325,-17.656178,-3.5558558e-05,299.0278,302.14764,273.12396,0.1750691,1.1743809,-2.6213818,1.5204589,1.9081154,1,0
2015-09-01,5.8007333,148.02429,0.10388982,-0.8102165,-0.8194573,15.499172,17.180872,24.879715,916.12915,4811.6445,26.4452,299.6772,4.7087812,295.77994,297.58173,0.79090655,273.15027,-2.115818e-21,0.04308247,0.04720503,0.2393071,0.27060333,3.9221754,0.28307807,1.4101168e-05,0.0,0.0,0.0,0.880001,99.999985,0.0,271.46002,271.45987,271.4598,271.45996,0.37313867,0.37301224,0.3578213,0.29278344,679.72144,1.7934275,2.8401499,0.35390484,0.9622474,99291.96,300.21432,0.0,0.01799988,101221.28,423.11475,0.7763163,0.3500412,1.0030386,300.01367,300.27972,0.398063,0.25864848,0.59474945,0.0001724317,0.0200927,0.74474335,33.762825,44.86406,0.046776146,-22.483826,-4.0908373e-05,299.5658,301.21774,273.07428,0.1665099,1.1738383,-2.629509,0.7002882,1.8206873,0,0
2015-10-01,2.6788648999999998,233.9625,0.09741351,-0.63132817,-0.645202,68.97218,74.53871,92.29254,1300.0427,4763.823,27.61913000000004,300.64978,3.7904186,295.99808,297.95297,0.7909491,273.15002,-5.733415e-21,0.04122132,0.044343688,0.21768552,0.2462512,3.9588804,0.11189556,1.2104078e-06,0.0,0.0,0.0,0.8799982,99.999985,0.0,271.46014,271.46002,271.45996,271.45996,0.32797128,0.33346426,0.33758813,0.30205947,1276.3694,1.8208046,2.9654655,0.20865035,1.0000257,99217.61,301.17755,0.0,0.018000104,101141.32,463.85535,0.69201446,0.21283168,1.0366544,300.89655,300.8108,0.26625484,0.15748149,0.5346787,9.109522e-05,0.01149378,0.51550674,32.442654,45.83199,0.04669866,-30.863083,-4.063084e-05,300.87643,300.88104,273.07196,0.15230197,1.1767673,-2.653224,0.4773752,1.8662806,0,0
2015-11-01,0.03841462,448.76077,0.084844634,-0.38623077,-0.4207558,74.87877,85.83252,119.5755,4069.3784,4929.1494,28.801840000000027,299.48944,5.010602,296.06677,297.70435,0.79094994,273.15015,-1.1419215400000001e-20,0.043752957,0.04682776,0.20168075,0.22690979,3.77946,0.02289436,2.660363e-08,0.0,0.0,0.0,0.88000333,99.999985,0.0,271.4599,271.45984,271.46002,271.45996,0.17452723,0.21930164,0.27110237,0.2962693,148.9979,1.7725005,2.7572508,-0.32071,0.10894096,99125.51,302.10175,0.0,0.017999727,101039.14,611.0088,0.4221056,-0.30503154,0.13712806,301.752,301.44373,0.036346912,0.086566895,0.37173557,2.4541268e-06,-0.02562201,0.08576584,23.07144,37.66483,-0.0021973997,-59.8264,-2.869239e-05,302.14987,301.03577,272.99146,0.14298382,1.1793427,-2.6787195,-0.5747919,0.27765763,0,0
2015-12-01,5.0411472e-05,0.0,0.12358785,-0.7975629,-0.80992067,-0.14820948,0.3100494,7.267441,0.0,4892.5967,26.16882000000004,294.93866,12.79727,294.62445,294.81897,0.6830705,273.14984,-1.2544989e-20,0.054362655,0.05868685,0.1914711,0.2124899,4.8859596,0.0003717728,0.0,0.0,0.0,0.0,0.8799995,99.999985,0.0,271.4599,271.4599,271.46008,271.45996,0.13077953,0.16771865,0.23066759,0.28551632,0.6499672,1.6867046,2.3658524,-0.8137493,-1.6956644,99386.266,299.93295,0.0,0.018000104,101311.836,557.5554,0.09198894,-0.80486965,-1.8731799,300.21448,300.7758,0.00081440806,0.011544183,0.080157265,9.209089e-09,-0.06690258,4.196167e-05,9.383486,30.083555,-0.09350276,-64.41646,-1.8467079e-05,300.00748,301.1837,272.85855,0.14056687,1.1793687,-2.6808205,-1.7944412,-3.5203743,0,0
2016-01-01,0.00083415216,0.0,0.11041272,-0.73722994,-0.7533997,3.8074899,5.409721,15.938019,7766.176,4979.675,27.23538000000002,294.19293,12.700035,293.9659,294.12897,0.65666604,273.1499,-1.13314535e-20,0.06680812,0.07271153,0.19684434,0.2163929,4.5494766,0.00070397556,8.52161e-10,0.0,0.0,0.0,0.8800011,99.999985,0.0,271.4601,271.46014,271.45978,271.45996,0.12586734,0.15790129,0.21435302,0.27625972,2.3444214,1.6357348,2.1290092,-0.5444021,-1.289793,99262.33,300.81686,0.0,0.017999478,101181.34,549.8357,0.24900335,-0.5115299,-1.5050702,300.64102,300.65442,0.002410993,0.022805877,0.2362923,2.6532462e-08,-0.048830986,0.00062942505,4.318487,29.97315,-0.06460321,-67.68324,-1.4810299e-05,300.87906,300.81998,272.96857,0.14889167,1.1793693,-2.680375,-1.2534752,-2.917655,0,0
2016-02-01,0.016835252999999998,0.0,0.10270503,-0.60217553,-0.62240326,38.88315,48.244217,73.55301,3109.8516,5028.503,30.29230000000001,295.7162,8.508987,294.1435,295.0672,0.6831819,273.1494,-2.853108e-20,0.0809997,0.08934164,0.20965922,0.23370656,4.3666067,0.002115821,7.8767926e-10,0.0,0.0,0.0,0.8800007,99.999985,0.0,271.46017,271.45984,271.46017,271.45996,0.11153293,0.15288454,0.19996464,0.26823717,83.29996,1.63221,2.1245146,-0.068598926,-0.53189856,99054.02,303.72922,0.0,0.017999977,100960.76,683.4146,0.13707638,-0.038333237,-0.69653344,302.75012,301.70596,0.0050923177,0.025110785,0.11693233,2.4811635e-07,-0.013709612,0.009563446,10.3391075,33.21978,-0.02477723,-81.180786,-1.278612e-05,303.70093,300.92194,273.0802,0.16562879,1.1793746,-2.6800451,-0.31179905,-1.3643942,0,0
2016-03-01,1.2944227,470.95166,0.14529687,-0.6720211,-0.67738336,126.11583,138.1945,163.04251,2973.2002,4970.84,32.10803000000004,301.1564,4.359206,295.18045,297.96918,0.7837619,273.15063,-2.6530196e-20,0.08521061,0.09424323,0.22772843,0.25535202,5.430457,0.0365911,5.8051563e-07,0.0,0.0,0.0,0.8799995,99.999985,0.0,271.45993,271.46002,271.45984,271.45996,0.16564459,0.15716428,0.17536491,0.2606117,797.6763,1.651612,2.242878,0.8626077,1.2325158,98986.56,306.2532,0.0,0.017999783,100892.805,866.67444,0.66055685,0.8339267,1.2583165,305.45593,304.25616,0.046545833,0.18666613,0.59780055,1.8149873e-05,0.067841336,0.22019577,33.027317,45.45072,0.08426668,-83.451035,-1.96416e-05,306.32684,302.10254,273.06955,0.17947578,1.1786687,-2.6736383,1.4303112,2.175333,0,1
2016-04-01,2.542898,394.76685,0.15324831,-0.69663894,-0.70105284,147.84886,158.31036,181.90076,2467.039,4982.293,31.55883,301.9139,4.3259478,295.55347,298.44867,0.79954314,273.1493,-4.4359092e-20,0.07889143,0.08732957,0.24316677,0.27331674,5.5935326,0.040005423,3.4986338e-06,0.0,0.0,0.0,0.8800011,99.999985,0.0,271.45996,271.45978,271.46014,271.45996,0.21374148,0.20399368,0.16100627,0.25314188,1191.5387,1.6947832,2.457981,0.85920835,1.6847458,98928.92,305.9247,0.0,0.017999906,100835.7,886.8882,0.6016171,0.84521234,1.669127,305.511,304.84058,0.083915174,0.12604833,0.52978045,2.5863574e-05,0.06868744,0.23906326,31.191603,46.879868,0.118138075,-80.16786,-2.8796967e-05,306.01935,303.27386,273.03528,0.1860024,1.1781152,-2.6738148,1.473697,2.78232,0,0
2016-05-01,2.7196719999999996,255.94687,0.14794344,-0.81157565,-0.81425035,74.559296,79.068344,91.17497,1518.9211,4917.9746,29.70272,301.3509,4.589944,295.82513,298.42548,0.7995691,273.1489,-4.994535e-20,0.06632921,0.07366582,0.25375763,0.28554016,5.2780066,0.08974248,1.6549602e-06,0.0,0.0,0.0,0.8800021,99.999985,0.0,271.46,271.46027,271.46014,271.45996,0.23995376,0.21073341,0.16751617,0.24642164,1111.9786,1.7480669,2.7010145,0.818053,1.6913056,99168.96,304.04636,0.0,0.017999794,101086.375,746.49365,0.6964643,0.80719185,1.6891961,304.05814,304.36255,0.24399942,0.18000466,0.5485891,8.0713595e-05,0.06218879,0.41480637,33.826927,46.616814,0.11285722,-59.24083,-3.0688225e-05,303.75928,303.99084,272.98264,0.18636149,1.1765552,-2.6575766,1.4156694,2.8409424,0,0
2016-06-01,6.2862860000000005,204.71387,0.13060015,-0.7887495,-0.7955445,52.99089,57.843506,69.88678,1162.6179,4792.29,27.345270000000028,300.16037,5.107506,296.05206,298.04663,0.7979449,273.14984,-3.943914e-20,0.054226637,0.060209632,0.25900626,0.29156217,4.575039,0.19205004,1.2437395e-05,0.0,0.0,0.0,0.88000214,99.999985,0.0,271.45984,271.45987,271.4604,271.45996,0.33875084,0.3156659,0.20185035,0.24238682,921.40234,1.7809505,2.8148012,0.715338,1.3409253,99364.766,301.3953,0.0,0.01799985,101292.84,541.2118,0.8208966,0.7024853,1.3565037,301.42828,302.25403,0.34692276,0.1952089,0.7153665,0.00014880953,0.048308305,0.6181755,34.61862,46.387012,0.07724373,-30.820236,-3.8120023e-05,300.68457,303.58417,273.04874,0.18347263,1.1747857,-2.635723,1.2880778,2.3864937,0,0
2016-07-01,7.333763,129.7802,0.121879816,-0.8509553,-0.85861444,11.465724,12.478016,18.338974,846.6677,4758.325,26.584900000000005,299.42435,5.433465,296.25372,297.7955,0.78893936,273.14883,-1.3530474e-20,0.04689273,0.051889203,0.25926644,0.29204518,4.3068323,0.32892948,1.9336294e-05,0.0,0.0,0.0,0.88000023,99.999985,0.0,271.45978,271.45996,271.46008,271.45996,0.36765045,0.3600803,0.29118037,0.24552327,627.999,1.7803993,2.7834702,0.93078554,1.1700273,99330.75,300.37653,0.0,0.017999873,101261.14,470.26648,0.8450098,0.9306624,1.2109044,300.18646,300.93646,0.3698225,0.3169996,0.7199602,0.0002006322,0.056281954,0.783947,34.335823,44.71439,0.062831834,-20.675117,-3.9464354e-05,299.4715,302.5258,273.1284,0.17994815,1.1732368,-2.616621,1.7537165,2.188674,0,0
2016-08-01,11.697855,108.61362,0.11764735,-0.83060956,-0.838415,12.079193,13.616147,20.476635,831.40234,4759.157,26.241100000000017,299.45404,5.508787,296.44284,297.89307,0.7824985,273.15063,-2.2906323000000003e-21,0.044143993,0.04865303,0.25314546,0.28561434,4.237956,0.32418913,6.896924e-05,0.0,0.0,0.0,0.88000214,99.999985,0.0,271.46002,271.4596,271.46014,271.45996,0.38439047,0.38391954,0.37248856,0.2824036,610.0217,1.7606947,2.6964693,0.7832836,1.064019,99328.84,300.15036,0.0,0.018000156,101259.66,437.6831,0.8396159,0.7799138,1.1069875,299.93555,300.39468,0.3989523,0.32030648,0.70494354,0.00018699717,0.04796738,0.79865265,34.390526,44.75352,0.053960003,-20.119186,-4.0170125e-05,299.29785,301.49106,273.13858,0.1750691,1.1735644,-2.6204062,1.4628544,2.0216808,1,0
2016-09-01,8.72203,139.92667,0.10001731,-0.75883794,-0.7671479,30.866138,34.1137,44.742996,903.49023,4726.828,26.54140000000001,299.93918,4.75253,296.6771,298.1192,0.7790172,273.1494,-1.2952548e-21,0.04308247,0.04720503,0.2393071,0.27060333,3.8383932,0.27483362,1.8663399e-05,0.0,0.0,0.0,0.88000095,99.999985,0.0,271.45963,271.46005,271.46005,271.45996,0.38484943,0.38666856,0.38341612,0.32756436,931.2688,1.7934275,2.8401499,0.33639884,0.834265,99309.81,300.40378,0.0,0.017999995,101239.64,404.41528,0.8066864,0.3326609,0.8593769,300.10406,300.26498,0.3642105,0.24851876,0.6714138,0.00020027606,0.018717762,0.7556915,34.075558,45.324024,0.03873971,-23.876465,-4.224172e-05,299.58597,300.8867,273.10165,0.16650784,1.1731234,-2.6214247,0.644645,1.5663328,1,0
2016-10-01,1.7966931000000002,318.50464,0.09221408,-0.43381816,-0.45905304,109.72888,122.30046,154.31389,1818.5645,4719.08,27.67144000000002,300.7143,4.309785,296.90848,298.51562,0.7790366,273.15082,-2.8156164e-21,0.04122132,0.044343688,0.21768552,0.2462512,3.8914852,0.07150181,5.936663e-07,0.0,0.0,0.0,0.88000405,99.999985,0.0,271.45987,271.46005,271.45996,271.45996,0.31381506,0.32649755,0.33369255,0.33937436,1210.492,1.8208046,2.9654655,0.02041328,0.8170762,99104.125,301.12277,0.0,0.018000096,101023.63,473.5807,0.5722929,0.03568256,0.87680364,300.95367,300.77942,0.1569323,0.16910215,0.4334358,7.0250826e-05,-0.0019524693,0.34837723,30.807392,44.660896,0.034770638,-36.088257,-4.2413558e-05,301.08838,300.69513,273.01892,0.15230194,1.1771169,-2.6604223,0.14066917,1.6268635,0,0
2016-11-01,0.05895832,553.56573,0.09181079,-0.26556885,-0.30749518,101.81419,121.38251,167.15758,3752.4282,4926.3154,29.100180000000023,299.79926,5.634323,297.05792,298.31735,0.7613981,273.15045,-9.650151e-21,0.043752957,0.04682776,0.20168075,0.22690979,3.9703102,0.03210443,2.4838982e-08,0.0,0.0,0.0,0.88000065,99.999985,0.0,271.45978,271.46002,271.45996,271.45996,0.16759056,0.21110201,0.2663619,0.32547557,321.1576,1.7725005,2.7572508,-0.017221868,0.31431288,99031.51,302.52374,0.0,0.01800007,100941.29,641.8524,0.37440962,0.021906257,0.36246198,302.28387,301.73395,0.047862694,0.052728593,0.3034333,3.9881024e-06,-0.008455601,0.104328156,24.412294,39.458,0.008872002,-61.097153,-2.8744958e-05,302.82715,300.99457,272.91058,0.14298382,1.1791437,-2.679184,0.016067505,0.7183641,0,0
2016-12-01,0.0010614676,0.0,0.09393996,-0.4942153,-0.525026,33.865334,41.92269,69.23262,6268.5586,4820.94,28.473900000000015,298.1601,7.7676325,296.72064,297.42435,0.73416185,273.14978,-1.4057734e-20,0.054362655,0.05868685,0.1914711,0.2124899,4.0575733,0.0078267455,7.836718e-09,0.0,0.0,0.0,0.88000596,99.999985,0.0,271.46002,271.4603,271.46017,271.45996,0.12941563,0.16193783,0.23262542,0.31120396,61.781197,1.6867046,2.3658524,-0.4473629,-0.54164433,99049.4,301.93884,0.0,0.018000074,100959.02,601.3535,0.32446057,-0.43753052,-0.66257143,302.1586,302.14435,0.012469731,0.027277429,0.29560578,7.650124e-08,-0.036043704,0.02128601,17.695679,35.906296,-0.026654173,-64.78323,-1.8375737e-05,302.42474,301.57187,272.74103,0.14056687,1.179378,-2.6798897,-0.99435425,-1.24191,0,0
2017-01-01,0.006139831399999999,0.0,0.10174902,-0.60526276,-0.6244057,36.844345,44.989914,68.50522,6010.0938,4829.7075,28.77908000000002,296.5056,10.530321,295.75403,296.2372,0.66569674,273.15018,-1.6166779999999998e-20,0.06680812,0.07271153,0.19684434,0.2163929,4.2739024,0.0045198,1.2459935e-09,0.0,0.0,0.0,0.88000476,99.999985,0.0,271.45984,271.4599,271.46008,271.45996,0.1219005,0.15188289,0.21788841,0.29936886,79.78998,1.6357348,2.1290092,0.09020978,-0.5607316,99040.5,302.43073,0.0,0.018000156,100949.65,637.1996,0.41214633,0.1157465,-0.700665,302.41205,301.9961,0.008977046,0.03988468,0.38385978,8.279858e-08,0.000119227916,0.013427734,19.295095,36.848156,-0.025740743,-70.70537,-1.4780409e-05,302.93854,301.7038,272.773,0.14889167,1.1793776,-2.6801262,0.011076927,-1.3409824,0,0
2017-02-01,0.0022971800000000002,0.0,0.106695175,-0.6332186,-0.6539317,41.525455,51.85254,77.791794,7096.3164,4742.3765,29.832570000000032,296.7068,9.8962555,295.96906,296.41364,0.6893903,273.14996,-2.4616268e-20,0.080893785,0.0892182,0.20944163,0.23343396,4.485195,0.007412046,4.2109605e-09,0.0,0.0,0.0,0.88000464,99.999985,0.0,271.45996,271.45993,271.4602,271.45996,0.10754037,0.14435408,0.20097357,0.28943765,74.117455,1.6320617,2.1235275,-0.486619,-0.78748274,99013.516,303.46515,0.0,0.018000297,100920.37,704.08875,0.3816085,-0.49783802,-0.98672867,303.16156,302.82748,0.013871045,0.021911494,0.3600902,9.39408e-08,-0.040101945,0.016555786,12.710855,33.212975,-0.039313883,-81.40987,-1.3198129e-05,303.64264,302.15738,273.00763,0.16542888,1.1793743,-2.680211,-1.1672449,-1.8509636,0,0
2017-03-01,0.07736635,643.1497,0.12783957,-0.45654744,-0.47362202,154.13525,181.09636,231.18555,4168.995,4798.638,32.06487000000004,299.73486,5.8530846,296.5374,298.2567,0.72765005,273.1502,-2.9918114999999997e-20,0.08519429,0.094222516,0.22765714,0.25526482,5.107439,0.015452227,1.3056422e-08,0.0,0.0,0.0,0.8800034,99.999985,0.0,271.46008,271.46033,271.4599,271.45996,0.09807983,0.133869,0.18320256,0.27989417,502.4751,1.65155,2.2424278,0.3845814,0.6862805,98858.66,306.06494,0.0,0.01799981,100759.766,945.8589,0.5230508,0.39568138,0.7040837,305.26718,304.1385,0.0294478,0.08304307,0.46461624,7.596246e-07,0.027061196,0.08296585,19.740911,39.215187,0.047404364,-97.51695,-1.1879685e-05,306.33923,302.7537,273.0473,0.17941558,1.1793432,-2.6799517,0.72200525,1.2864919,0,1
2017-04-01,0.9853551,475.87128,0.15920049,-0.6826483,-0.6857623,134.0782,145.30864,168.64197,2980.523,4820.7666,31.707730000000026,301.41876,5.4401646,297.2577,299.27167,0.7766403,273.14993,-4.3106339999999995e-20,0.07889143,0.08732957,0.24316677,0.27331674,5.8692513,0.022948531,3.458797e-07,0.0,0.0,0.0,0.8799977,99.999985,0.0,271.46027,271.4601,271.46014,271.45996,0.15069103,0.13411912,0.16519481,0.27021992,924.7307,1.6947832,2.457981,0.7807822,1.8016844,98901.625,306.31433,0.0,0.018000253,100807.83,966.703,0.6599278,0.7853447,1.7850451,305.88928,305.17273,0.04811133,0.16666538,0.5903152,1.2705186e-05,0.063035265,0.17584229,31.79831,47.029007,0.13228172,-96.48067,-1.8320949e-05,306.52826,303.75867,273.0252,0.1860024,1.1788533,-2.676962,1.4003305,2.9401102,0,0
2017-05-01,3.7867036,287.86603,0.13616067,-0.7459214,-0.7506243,82.98044,89.330536,104.78383,2108.9785,4852.148,29.649130000000014,301.43372,5.1918697,297.47714,299.31128,0.77836037,273.14996,-4.7084904e-20,0.06632921,0.07366582,0.25375763,0.28554016,4.9994707,0.070050135,8.782954e-06,0.0,0.0,0.0,0.88,99.999985,0.0,271.4602,271.4602,271.4602,271.45996,0.24487215,0.19542277,0.15949196,0.2616756,1203.4436,1.7480669,2.7010145,0.7105081,1.450253,99099.49,304.0582,0.0,0.017999835,101015.52,724.3187,0.6941593,0.6958337,1.4433622,304.11154,304.43747,0.15351713,0.19202277,0.59381974,7.876755e-05,0.05114536,0.3594284,34.029716,47.23889,0.09402242,-62.577988,-3.1433134e-05,303.79556,304.29767,272.95853,0.18636149,1.1763589,-2.6602592,1.2185154,2.4686527,0,0
2017-06-01,6.972091300000001,194.31009,0.11426392,-0.7704272,-0.7781186,49.458466,52.358734,63.74539,1260.1426,4844.5938,27.65835000000004,300.73587,5.313904,297.53937,299.0194,0.7758754,273.14914,-4.5740997e-20,0.054226637,0.060209632,0.25900626,0.29156217,4.2476587,0.16917926,8.1021835e-06,0.0,0.0,0.0,0.8800025,99.999985,0.0,271.45984,271.46002,271.45966,271.45996,0.34260356,0.32264167,0.20617247,0.25615996,1010.23047,1.7809505,2.8148012,0.6058595,0.962379,99221.66,301.76495,0.0,0.018000167,101145.766,526.9342,0.78426176,0.606374,0.987437,301.81128,302.6509,0.25305843,0.22223932,0.67455435,0.00013557998,0.03559977,0.5905037,34.558716,45.674744,0.051036417,-31.184273,-3.965936e-05,301.09326,303.90717,273.02814,0.18347186,1.1747699,-2.641984,1.1437045,1.7652388,0,0
2017-07-01,3.6274074,137.81987,0.12540805,-0.8531569,-0.8605139,19.54686,20.76348,27.598164,999.95215,4768.09,26.900480000000016,299.75464,6.3030157,297.5539,298.649,0.76498854,273.1494,-1.3288705e-20,0.04689273,0.051889203,0.25926644,0.29204518,4.4823046,0.17911655,4.446045e-06,0.0,0.0,0.0,0.88000005,99.999985,0.0,271.46063,271.4601,271.45984,271.45996,0.3282016,0.31651425,0.26515335,0.25601083,494.23145,1.7803993,2.7834702,0.9186778,1.2956045,99405.16,300.8559,0.0,0.017999936,101335.89,535.1793,0.77205515,0.90729165,1.3364186,300.7578,301.37628,0.32648546,0.27151257,0.6018013,0.00012218789,0.057578713,0.6528702,33.6457,44.90886,0.06929231,-28.044434,-4.058153e-05,300.1181,302.8609,273.1045,0.17994943,1.1761056,-2.6395817,1.6327851,2.367528,0,0
2017-08-01,6.9936607,143.42122,0.12366575,-0.8133352,-0.82200295,16.077827,17.861694,25.711422,922.26025,4728.004,26.005550000000028,299.3086,7.029601,297.5901,298.4922,0.7602086,273.1505,-2.1359407e-21,0.044143993,0.04865303,0.25314546,0.28561434,4.3589764,0.2995873,2.519224e-05,0.0,0.0,0.0,0.88000244,99.999985,0.0,271.45978,271.45972,271.46008,271.45996,0.36577863,0.3589567,0.30892622,0.2612996,494.83313,1.7606947,2.6964693,0.80489135,1.0738246,99306.875,299.9804,0.0,0.017999973,101237.766,444.82892,0.8665161,0.7987834,1.1102779,299.98227,300.62927,0.3787428,0.38078684,0.7318567,0.00017109982,0.049347974,0.7400856,33.92142,44.72083,0.05626735,-18.793396,-3.8360413e-05,299.1441,301.90665,273.08566,0.1750691,1.1744126,-2.622672,1.4411478,1.996109,0,0
2017-09-01,5.468875,193.94322,0.10321215,-0.68703544,-0.70138675,34.339005,38.06343,52.08104,1104.324,4722.242,26.554160000000024,299.82864,6.0532026,297.80246,298.76685,0.7573569,273.1513,-1.522895e-21,0.04308247,0.04720503,0.2393071,0.27060333,3.8982725,0.20145762,1.0656695e-05,0.0,0.0,0.0,0.8800024,99.999985,0.0,271.4604,271.45972,271.45993,271.45996,0.36551076,0.36632645,0.34676147,0.27767754,869.8037,1.7934275,2.8401499,0.33903724,0.94551575,99275.91,300.32864,0.0,0.01799969,101203.34,425.1355,0.7792764,0.3159536,0.96880484,300.19913,300.4253,0.32695305,0.24644652,0.64740527,0.00015525345,0.02349212,0.61415863,33.583122,45.78675,0.048372246,-25.020935,-4.108389e-05,299.83847,301.15887,273.05545,0.16650856,1.1747918,-2.6311922,0.57279825,1.7150164,0,0
2017-10-01,1.6068711,362.09393,0.09371668,-0.35251772,-0.38805503,103.81494,117.39224,153.87842,2841.0557,4756.797,28.15136000000001,300.7033,5.1671352,298.1214,299.27307,0.76135844,273.14978,-9.060426e-21,0.04122132,0.044343688,0.21768552,0.2462512,3.9278526,0.068568364,9.2214805e-07,0.0,0.0,0.0,0.8800049,99.999985,0.0,271.45996,271.4604,271.45996,271.45996,0.27944118,0.3071609,0.33137333,0.28999072,764.54175,1.8208046,2.9654655,0.099449754,0.6665826,99128.125,301.7068,0.0,0.017999984,101045.875,528.07715,0.6557809,0.11319077,0.71169245,301.4276,301.11823,0.121186554,0.09823102,0.5826884,3.7459555e-05,0.0012728535,0.28184128,28.726896,42.464302,0.027755491,-43.96219,-4.2183274e-05,301.6382,300.9424,273.05,0.15230247,1.1782914,-2.6687164,0.2968787,1.2955565,0,0
2017-11-01,0.025374726,555.13904,0.09598994,-0.39874148,-0.42673028,108.42343,123.998474,161.54259,4054.4014,4816.676,29.155100000000004,299.95526,6.2965527,298.0645,298.97192,0.75442725,273.1499,-8.872032e-21,0.043752957,0.04682776,0.20168075,0.22690979,4.1279345,0.03535521,1.2176656e-08,0.0,0.0,0.0,0.88000226,99.999985,0.0,271.4599,271.45978,271.45993,271.45996,0.14266169,0.19347101,0.26409894,0.28534085,256.0163,1.7725005,2.7572508,0.012502372,0.27993828,99036.766,302.90793,0.0,0.018000677,100948.2,696.4143,0.5108389,0.045194678,0.29036683,302.63757,302.28445,0.041316867,0.06071896,0.46238393,1.1707145e-06,-0.0072410367,0.10897446,23.216255,39.062366,0.0106965415,-66.84003,-2.5026053e-05,303.05597,301.40524,273.02493,0.14298382,1.1793857,-2.6790915,0.08360958,0.57035947,0,0
2017-12-01,0.014624442,0.0,0.105832994,-0.63925594,-0.65842414,25.283024,31.611816,51.346054,5051.421,4888.2266,29.255330000000015,297.7325,10.875926,297.43994,297.62738,0.6992583,273.15033,-1.0633171e-20,0.054362655,0.05868685,0.1914711,0.2124899,4.3603196,0.0058827274,6.690186e-09,0.0,0.0,0.0,0.8800018,99.999985,0.0,271.45978,271.46033,271.4602,271.45996,0.1131067,0.15694195,0.22124606,0.276864,52.36447,1.6867046,2.3658524,-0.1599834,-0.61199665,99044.58,302.8883,0.0,0.018000074,100954.16,689.1798,0.40514952,-0.10341418,-0.6985493,302.7508,302.44992,0.010399088,0.08988497,0.3409906,1.062079e-06,-0.025706828,0.020568848,20.179699,36.47015,-0.033791352,-68.54802,-1.5084792e-05,303.1306,301.87683,272.96545,0.14056687,1.1793244,-2.6799412,-0.31217957,-1.3808603,0,0
2018-01-01,0.0,0.0,0.10838246,-0.7437326,-0.759282,2.242834,3.6001754,13.6107025,10297.51,4847.3506,27.48660000000001,294.87408,14.209312,294.82666,294.86664,0.6498226,273.1501,-1.8987162e-20,0.06680812,0.07271153,0.19684434,0.2163929,4.5044813,0.00014837831,0.0,0.0,0.0,0.0,0.88000065,99.999985,0.0,271.4599,271.46045,271.45984,271.45996,0.09811184,0.14510465,0.20099765,0.26892912,0.29986954,1.6357348,2.1290092,-0.7069559,-1.044539,99125.6,300.97128,0.0,0.018000767,101040.52,624.56995,0.2525095,-0.68621635,-1.3069773,301.03973,301.43335,0.00050381944,0.000945591,0.25133172,1.2753617e-08,-0.05690241,8.392334e-05,3.9696546,27.469917,-0.04983467,-73.5798,-1.1306275e-05,301.07907,301.9361,272.97766,0.14889167,1.1793768,-2.6803265,-1.5271187,-2.5144596,0,0
2018-02-01,0.9514028,430.7248,0.11660844,-0.61926395,-0.6326261,83.09352,95.43005,123.84711,3930.5518,4833.406,31.099900000000048,297.89313,7.018753,295.3396,296.79816,0.692394,273.15033,-1.6366838e-20,0.080893785,0.0892182,0.20944163,0.23343396,4.70426,0.014199999,1.318911e-06,0.0,0.0,0.0,0.88000065,99.999985,0.0,271.45953,271.46008,271.45966,271.45996,0.12163682,0.14098918,0.18061125,0.2617947,407.5952,1.6320617,2.1235275,0.48885715,0.35022074,98845.75,304.83722,0.0,0.018000167,100748.58,787.39734,0.49306434,0.5048181,0.3056941,304.058,303.01328,0.022765838,0.11269218,0.44863558,1.2553896e-05,0.030861765,0.08974075,24.378063,39.660297,0.02314952,-81.447845,-1.3701436e-05,304.90997,301.9665,273.06296,0.1654273,1.1788152,-2.6757717,0.7898766,0.4969486,0,0
2018-03-01,0.19259792,592.29614,0.13560975,-0.5003237,-0.51190364,171.77948,193.34792,231.7186,3067.712,4781.154,31.549040000000048,300.8874,4.4953117,296.20898,298.3615,0.7902782,273.14984,-3.0855514e-20,0.08519429,0.094222516,0.22765714,0.25526482,5.291111,0.022775307,3.2453272e-08,0.0,0.0,0.0,0.8799986,99.999985,0.0,271.46014,271.46045,271.46002,271.45996,0.13957965,0.15848958,0.16297704,0.2548778,514.501,1.65155,2.2424278,0.69152284,1.3421783,98914.336,305.95508,0.0,0.018000074,100819.984,978.33594,0.56104547,0.6704941,1.3762465,305.4106,304.4428,0.047849327,0.1008845,0.48876113,5.84578e-06,0.058886692,0.120220184,25.304094,42.624237,0.09664482,-96.929855,-1.44146725e-05,306.10724,302.8504,273.01294,0.17941558,1.1791289,-2.6783123,1.1806655,2.3348608,0,0
2018-04-01,0.6210718,458.08655,0.16180563,-0.6824108,-0.68588614,142.09622,152.82251,176.01627,2662.865,4793.365,31.028470000000027,301.16733,4.913515,296.46375,298.70667,0.7952955,273.14972,-4.5970362e-20,0.07889143,0.08732957,0.24316677,0.27331674,5.9189367,0.02676279,1.4722602e-07,0.0,0.0,0.0,0.88000035,99.999985,0.0,271.46036,271.46033,271.45996,271.45996,0.1557256,0.15800518,0.16901088,0.24769801,830.44214,1.6947832,2.457981,0.87940836,1.9132404,98933.83,305.8205,0.0,0.018000301,100842.266,967.96924,0.6859339,0.86701953,1.8921504,305.6242,305.12253,0.071906775,0.12506169,0.6078976,1.4339828e-05,0.07355718,0.15788269,30.448902,46.14372,0.14401752,-97.39339,-1.8396066e-05,305.99298,303.84985,272.95517,0.1860024,1.1786656,-2.6778774,1.5223811,3.071535,0,0
2018-05-01,2.8152973,311.0786,0.1466695,-0.7916399,-0.7955309,73.67128,78.16467,90.817,1847.156,4833.6533,28.846100000000035,300.83826,5.14093,296.67664,298.70016,0.7947213,273.15182,-5.499401999999999e-20,0.06632921,0.07366582,0.25375763,0.28554016,5.2115803,0.08071366,1.3302079e-06,0.0,0.0,0.0,0.8800026,99.999985,0.0,271.4603,271.46002,271.46014,271.45996,0.25433224,0.22993946,0.1824624,0.24200863,980.109,1.7480669,2.7010145,0.84659386,1.7524285,99072.83,303.1181,0.0,0.017999995,100990.016,715.94476,0.7701354,0.83179665,1.7464867,303.27008,303.80945,0.22650886,0.15258205,0.67238754,6.845035e-05,0.063689634,0.3624153,34.07087,47.167866,0.11758518,-50.728043,-3.289013e-05,302.88782,304.1515,272.90906,0.18636212,1.1767759,-2.6624126,1.4718952,2.9433231,0,0
2018-06-01,4.8916303,179.18042,0.13496608,-0.86104345,-0.8652872,24.890049,26.799923,33.303753,1195.9495,4800.394,27.486050000000034,300.06628,5.473029,296.8548,298.4144,0.7842367,273.14948,-4.7203892e-20,0.054226637,0.060209632,0.25900626,0.29156217,4.8005066,0.2133848,1.02346385e-05,0.0,0.0,0.0,0.88000256,99.999985,0.0,271.4599,271.4602,271.46036,271.45996,0.29044068,0.2568689,0.18309116,0.23787409,850.43506,1.7809505,2.8148012,0.7275126,1.4599676,99282.47,301.60364,0.0,0.017999884,101208.78,583.60974,0.77342063,0.72128963,1.4812121,301.7159,302.51062,0.34454304,0.23430249,0.6275852,0.00015536827,0.052408177,0.58538437,34.729275,46.578327,0.08822891,-33.82263,-3.454324e-05,300.9595,303.66364,272.9718,0.18347307,1.1741793,-2.6361141,1.3387897,2.5805893,0,0
2018-07-01,4.8646927,123.04419,0.11665648,-0.8074672,-0.81596637,17.492744,19.505875,27.268524,935.5227,4743.447,26.507930000000044,299.6734,5.78922,297.11182,298.33157,0.76898736,273.14954,-1.893906e-20,0.04689273,0.051889203,0.25926644,0.29204518,4.2550535,0.2161963,7.48657e-06,0.0,0.0,0.0,0.87999856,99.999985,0.0,271.4604,271.46033,271.4604,271.45996,0.34670216,0.33167028,0.23905271,0.23694128,639.9573,1.7803993,2.7834702,0.8199966,1.1059282,99356.71,300.57965,0.0,0.017999697,101287.05,498.47522,0.83094263,0.7875459,1.1471436,300.52405,301.18045,0.32061118,0.2744499,0.7095403,0.0001540555,0.05474178,0.7127228,34.09997,44.902184,0.057499845,-26.36242,-3.8782742e-05,299.8281,302.6718,273.07666,0.17994815,1.174946,-2.6305017,1.4299283,2.081129,0,0
2018-08-01,8.603163,119.036194,0.11667514,-0.8283261,-0.83673596,10.641153,12.129059,19.019285,893.9651,4756.8755,25.884000000000015,299.07892,6.7119207,297.21826,298.13263,0.7527082,273.15033,-2.5658967e-21,0.044143993,0.04865303,0.25314546,0.28561434,4.1789923,0.34852427,2.5606569e-05,0.0,0.0,0.0,0.88000256,99.999985,0.0,271.46002,271.4602,271.45972,271.45996,0.36296892,0.35625803,0.3026561,0.24481696,473.583,1.7606947,2.6964693,0.94125867,0.9570128,99362.375,299.7801,0.0,0.01800038,101294.92,439.89355,0.84066355,0.93383217,0.99543583,299.6865,300.31876,0.3671025,0.40832537,0.70994663,0.00018340975,0.057941657,0.7800102,33.944202,43.82807,0.04930663,-21.560463,-3.697475e-05,298.96594,301.69427,273.11176,0.1750691,1.173727,-2.620346,1.7226439,1.8118,1,0
2018-09-01,6.689121999999999,141.56664,0.092648804,-0.72137237,-0.7328768,26.78302,29.97882,41.276764,976.9536,4730.6406,26.306849999999997,299.65662,5.743703,297.578,298.4894,0.7447876,273.15106,-2.6093324e-21,0.04308247,0.04720503,0.2393071,0.27060333,3.7176285,0.269893,1.4662441e-05,0.0,0.0,0.0,0.8800014,99.999985,0.0,271.4597,271.46008,271.45987,271.45996,0.37341022,0.3756706,0.36744517,0.28441608,885.28613,1.7934275,2.8401499,0.16392374,0.8155024,99202.36,300.01917,0.0,0.0180002,101129.984,392.50482,0.79290354,0.17770863,0.84585774,299.81555,300.00168,0.34706205,0.28028584,0.6745187,0.000184151,0.008275718,0.6950989,33.528717,45.140244,0.03603576,-24.439178,-4.0468676e-05,299.45898,300.82803,273.03873,0.1665079,1.1733024,-2.6263933,0.40598443,1.5392561,0,0
2018-10-01,3.1089305,247.81244,0.09509301,-0.4994545,-0.5192052,112.080826,121.4819,148.61148,1500.9138,4764.908,27.43130000000002,300.7862,5.0865183,298.03497,299.1797,0.75263464,273.14957,-8.371998e-21,0.04122132,0.044343688,0.21768552,0.2462512,3.9265862,0.10923642,2.552596e-06,0.0,0.0,0.0,0.8800044,99.999985,0.0,271.45984,271.46014,271.45996,271.45996,0.3293184,0.3347767,0.3348924,0.29878283,1354.219,1.8208046,2.9654655,0.11899698,0.7854214,99145.89,301.1533,0.0,0.018000174,101067.5,458.59302,0.67536056,0.13114893,0.8288585,301.0066,300.8225,0.21538705,0.13536164,0.5889045,0.00011203019,0.0041577294,0.44270325,31.099571,45.2937,0.03453839,-32.998642,-4.2725744e-05,300.89154,300.65,272.98865,0.15230232,1.1755626,-2.6518526,0.31797105,1.5206718,0,0
2018-11-01,0.036061578,546.2414,0.08388397,-0.20263124,-0.25346702,98.735306,116.40747,163.37509,4788.6807,4963.922,28.371180000000038,300.13425,5.8783846,297.98236,298.93848,0.74577457,273.15048,-8.586083e-21,0.043752957,0.04682776,0.20168075,0.22690979,3.698124,0.026992418,1.0185374e-08,0.0,0.0,0.0,0.8800053,99.999985,0.0,271.4599,271.45996,271.46027,271.45996,0.19632632,0.24274796,0.2925725,0.29463357,203.88708,1.7725005,2.7572508,-0.08979571,0.06312567,99038.78,301.7348,0.0,0.018000185,100950.07,549.8761,0.5286489,-0.06580716,0.04164487,301.75244,301.49866,0.033214446,0.057467587,0.4946307,1.4213879e-06,-0.011021465,0.09331894,21.514801,38.221733,-0.00083027035,-53.66147,-3.3528464e-05,302.07986,300.96347,272.86945,0.14298382,1.1793299,-2.679161,-0.13882732,0.14181769,0,0
2018-12-01,0.0012599558,0.0,0.10078585,-0.64090246,-0.6637083,3.8286448,5.617885,20.061104,7394.2754,4749.1475,26.985900000000015,296.64294,11.7728,296.38602,296.53967,0.68735194,273.14957,-1.0062507e-20,0.054362655,0.05868685,0.1914711,0.2124899,4.2299786,0.00093688816,3.9383963e-10,0.0,0.0,0.0,0.88000065,99.999985,0.0,271.4602,271.46014,271.46008,271.45996,0.13906634,0.1788094,0.25055945,0.28616476,3.453247,1.6867046,2.3658524,-0.43957806,-1.1848197,99195.96,300.55307,0.0,0.017999668,101112.016,544.17456,0.32503313,-0.40567303,-1.3803215,301.0771,301.20532,0.0012984648,0.02410718,0.31114542,9.037922e-08,-0.038515985,0.0009651184,17.85493,35.58741,-0.05517155,-58.663116,-2.0991407e-05,301.33344,301.211,272.54993,0.14056687,1.1793764,-2.6802769,-1.0607662,-2.6789274,0,0
2019-01-01,0.013705351000000001,0.0,0.10121988,-0.58315235,-0.60307616,48.210617,60.581085,91.01056,6429.1543,4754.0073,28.223870000000034,296.20865,10.566399,295.1942,295.86346,0.67162526,273.15,-1.1210099999999999e-20,0.06680812,0.07271153,0.19684434,0.2163929,4.2704086,0.005321621,3.80237e-09,0.0,0.0,0.0,0.88000035,99.999985,0.0,271.45987,271.45996,271.45996,271.45996,0.12601867,0.1596719,0.22879201,0.27776736,92.43651,1.6357348,2.1290092,0.14189899,-0.6562834,99144.36,301.80548,0.0,0.018000308,101056.65,613.31824,0.36242056,0.17008066,-0.80679226,301.8831,301.41217,0.01214646,0.035973437,0.33129156,5.086073e-07,0.0003239885,0.01939392,19.05787,36.369377,-0.030110288,-69.49347,-1.5590347e-05,302.56128,301.14957,272.67255,0.1488916,1.1793429,-2.68013,0.12055099,-1.5642366,0,0
2019-02-01,0.33826084,463.43628,0.11324012,-0.6415092,-0.6573818,67.49812,80.85979,109.062744,4763.2627,4807.485,29.88198,297.74036,7.3356285,295.88947,296.94946,0.72969997,273.15002,-1.798299e-20,0.080893785,0.0892182,0.20944163,0.23343396,4.6131964,0.015330225,1.0586739e-07,0.0,0.0,0.0,0.880004,99.999985,0.0,271.4604,271.45984,271.45984,271.45996,0.115082145,0.1493327,0.20876324,0.2702824,292.8231,1.6320617,2.1235275,0.0046260357,-0.30045402,99040.484,303.81445,0.0,0.018,100949.17,705.5336,0.46925628,0.008534372,-0.41376233,303.49234,302.8603,0.032255717,0.0875099,0.42081046,6.1499204e-06,-0.0032648668,0.08261871,20.90394,37.141136,-0.010769445,-77.4158,-1.4579851e-05,303.9927,301.7094,272.96585,0.1654264,1.1791437,-2.6778774,-0.18270588,-0.7852869,0,0
2019-03-01,0.23697765,563.2817,0.13319391,-0.5564194,-0.5657532,140.17639,157.54446,190.4534,3314.9268,4809.203,32.173940000000016,301.1272,4.699005,296.8368,298.8764,0.76736486,273.15063,-3.262899e-20,0.08519429,0.094222516,0.22765714,0.25526482,5.2060375,0.018738864,1.2467854e-07,0.0,0.0,0.0,0.8799999,99.999985,0.0,271.46048,271.46027,271.46036,271.45996,0.13362235,0.14925843,0.18922001,0.26306993,782.26636,1.65155,2.2424278,0.6417302,1.0715212,98956.5,306.437,0.0,0.018000327,100861.08,929.3754,0.65416944,0.6440022,1.0997623,305.73602,304.4351,0.031704485,0.14282146,0.59957576,5.8019596e-06,0.048807938,0.09884262,28.686697,44.754257,0.07219008,-92.72623,-1.5779333e-05,306.66144,302.6056,273.01926,0.17941558,1.1792117,-2.677661,1.1631343,1.8971062,0,1
2019-04-01,0.9897198,510.4204,0.15465003,-0.64156246,-0.64571685,169.2008,182.45999,210.31148,3140.9868,4937.0776,32.01480000000004,301.81805,4.8566046,297.1988,299.33374,0.786927,273.14957,-3.8481366e-20,0.07889143,0.08732957,0.24316677,0.27331674,5.737257,0.026106726,4.5036535e-07,0.0,0.0,0.0,0.8799994,99.999985,0.0,271.45996,271.46027,271.4604,271.45996,0.1573571,0.14389431,0.17236692,0.2552784,977.48486,1.6947832,2.457981,0.77388716,1.630178,98902.06,306.49786,0.0,0.017999724,100806.83,946.77576,0.79430646,0.7593634,1.6343141,306.17468,305.51593,0.06611261,0.14024174,0.75216854,1.291237e-05,0.064960375,0.18026352,30.464516,46.450348,0.11717951,-91.68913,-1.876321e-05,306.75922,303.88678,272.98108,0.18600067,1.1787393,-2.6770792,1.325398,2.7214718,0,0
2019-05-01,4.217935,264.51794,0.13964397,-0.76042885,-0.76466763,80.465515,86.41812,100.96561,2152.9138,4933.963,29.73815000000002,301.53308,5.249221,297.36285,299.3855,0.786799,273.15082,-5.1847325e-20,0.06632921,0.07366582,0.25375763,0.28554016,5.006282,0.0759912,1.8267701e-06,0.0,0.0,0.0,0.8800048,99.999985,0.0,271.46036,271.46008,271.4602,271.45996,0.2592144,0.20575958,0.16068786,0.24837172,1424.0947,1.7480669,2.7010145,0.7805494,1.4627452,99032.11,304.04633,0.0,0.0179994,100946.67,669.3281,0.8300259,0.7696866,1.4661751,304.0786,304.51794,0.13936615,0.1612073,0.78349197,9.42092e-05,0.055523336,0.404644,35.060318,47.22859,0.09475249,-56.704773,-3.3211843e-05,303.69373,304.45837,272.9416,0.18636104,1.1757674,-2.6548252,1.3663843,2.5057135,0,0
2019-06-01,4.368873300000001,196.92177,0.13176918,-0.8454472,-0.85109985,37.084457,38.772354,46.59883,1012.34985,4874.523,27.536040000000014,300.378,5.641923,297.43118,298.87756,0.7810318,273.15118,-4.3135782e-20,0.054226637,0.060209632,0.25900626,0.29156217,4.6401567,0.17985874,1.2474889e-05,0.0,0.0,0.0,0.88000244,99.999985,0.0,271.46033,271.4599,271.46027,271.45996,0.32267243,0.30642337,0.20379704,0.24442929,832.06885,1.7809505,2.8148012,0.76005065,1.3983421,99310.63,301.609,0.0,0.017999656,101236.68,548.3911,0.72746885,0.7375555,1.4274035,301.67938,302.51245,0.33665723,0.21834162,0.5482328,0.00013089024,0.05263886,0.5879364,33.962345,45.689983,0.077105835,-30.534515,-3.786764e-05,301.03156,303.92368,272.9673,0.18347287,1.1750345,-2.6440353,1.3218265,2.5170364,0,0
2019-07-01,7.36708,136.50735,0.11912048,-0.7969396,-0.8058121,21.069464,22.989944,31.559814,902.354,4790.913,26.554900000000032,299.80582,5.8911524,297.49878,298.64557,0.77878636,273.14935,-1.4548136e-20,0.04689273,0.051889203,0.25926644,0.29204518,4.214691,0.2710709,1.8000806e-05,0.0,0.0,0.0,0.8800063,99.999985,0.0,271.46014,271.46005,271.45984,271.45996,0.36773068,0.35791302,0.2831589,0.2465617,719.07324,1.7803993,2.7834702,0.7508688,1.1229527,99305.1,300.58173,0.0,0.01799997,101234.36,454.79425,0.83788335,0.7385781,1.157172,300.55356,301.31876,0.36124408,0.28853416,0.7310561,0.0001957414,0.048517928,0.7533188,34.34877,45.043125,0.0590515,-22.660187,-3.9847822e-05,299.73096,302.9026,273.07465,0.17994815,1.1729183,-2.6234875,1.3514237,2.073779,0,0
2019-08-01,8.472804,108.44806,0.123491526,-0.8556486,-0.8620749,5.663025,6.715822,12.18009,846.42725,4759.1826,25.970730000000003,299.07648,7.397794,297.64282,298.3955,0.75049293,273.1495,-3.3198229999999998e-21,0.044143993,0.04865303,0.25314546,0.28561434,4.4037666,0.33722395,3.0421983e-05,0.0,0.0,0.0,0.8799999,99.999985,0.0,271.4599,271.45978,271.46008,271.45996,0.3787248,0.37650907,0.35465217,0.27060878,469.29968,1.7606947,2.6964693,1.0008507,1.1258105,99400.3,299.7626,0.0,0.018000197,101333.27,458.20972,0.8214867,0.9860492,1.1810322,299.69403,300.32733,0.31986952,0.37250412,0.68876195,0.00017991068,0.06328088,0.8011322,34.586163,44.167747,0.060249463,-19.751953,-3.9308958e-05,299.0556,301.77826,273.1021,0.1750691,1.17384,-2.61981,1.824213,2.1800117,1,0
2019-09-01,8.724651999999999,160.28801,0.101133585,-0.71289563,-0.7225243,44.408035,49.33716,63.11664,905.94727,4772.166,26.56140000000005,299.86853,5.969495,298.04675,298.8527,0.74310005,273.15128,-1.2624618000000001e-21,0.04308247,0.04720503,0.2393071,0.27060333,3.8534546,0.27491015,1.9289095e-05,0.0,0.0,0.0,0.8799997,99.999985,0.0,271.46002,271.45984,271.4602,271.45996,0.3834843,0.3861031,0.38607293,0.31882465,996.63745,1.7934275,2.8401499,0.2953301,0.8262254,99278.65,300.21246,0.0,0.017999649,101207.266,391.60846,0.8624713,0.28223157,0.86460185,300.05005,300.26727,0.38407272,0.28460371,0.7664811,0.00020712084,0.016870081,0.7036438,34.31372,45.4635,0.037144467,-20.88749,-3.9998515e-05,299.56274,300.97595,273.03372,0.16650689,1.1727593,-2.618888,0.5231168,1.5996609,1,0
2019-10-01,6.8902858,152.64029,0.09443283,-0.697524,-0.7086263,39.013687,43.170227,56.310135,1017.4092,4765.2246,26.34164000000004,299.76428,5.9486275,298.02197,298.81375,0.7437986,273.15045,-8.6456595e-21,0.04122132,0.044343688,0.21768552,0.2462512,3.827757,0.25140423,1.7710954e-05,0.0,0.0,0.0,0.880001,99.999985,0.0,271.46002,271.46036,271.45996,271.45996,0.37812722,0.37860638,0.3662197,0.3371721,942.92554,1.8208046,2.9654655,-0.044119895,0.8097307,99138.16,299.9709,0.0,0.01799995,101064.42,392.25137,0.8576846,-0.031231105,0.8446479,299.79172,300.0724,0.29596192,0.28190538,0.7730846,0.00018411753,-0.0013957173,0.69379425,33.968014,44.466293,0.03734827,-21.084366,-3.9856586e-05,299.42682,300.57776,273.06735,0.15230188,1.1737791,-2.627533,0.018413663,1.5297289,0,0
2019-11-01,0.283951,487.04724,0.08386248,-0.12870973,-0.18873525,114.12192,133.55113,184.50034,4209.584,4893.503,28.52538000000004,300.48883,5.5778475,298.26904,299.28253,0.7498799,273.1494,-9.702428e-21,0.043752957,0.04682776,0.20168075,0.22690979,3.6729136,0.033928882,8.461706e-08,0.0,0.0,0.0,0.87999547,99.999985,0.0,271.4597,271.46002,271.46002,271.45996,0.25018853,0.28446543,0.33006507,0.34183383,554.2031,1.7725005,2.7572508,0.023842454,0.22992648,99016.945,301.62762,0.0,0.01800045,100928.82,501.60535,0.5689641,0.06412554,0.25767392,301.37134,300.97455,0.04639855,0.063326575,0.5310409,1.8790803e-05,-0.006461881,0.14561844,23.568592,40.512306,0.0048859604,-43.549393,-3.9025283e-05,301.66803,300.52274,273.01392,0.14298388,1.1787772,-2.673955,0.08189607,0.47775367,0,0
2019-12-01,0.0004968314999999999,0.0,0.08892539,-0.40956312,-0.45500666,15.506596,20.641697,48.541855,5996.7046,4919.6006,27.078550000000007,297.13586,11.134755,296.8114,296.98853,0.6860323,273.1499,-1.2247827500000001e-20,0.054362655,0.05868685,0.1914711,0.2124899,3.8996983,0.0034918785,1.2459935e-09,0.0,0.0,0.0,0.8800064,99.999985,0.0,271.45966,271.45984,271.4599,271.45996,0.15267068,0.20029819,0.2708603,0.32882798,3.7003021,1.6867046,2.3658524,-0.29060936,-0.8977661,99108.11,300.28937,0.0,0.01799972,101021.95,503.97363,0.22168642,-0.22885704,-1.1202273,300.54773,300.76135,0.006895721,0.012596272,0.20695613,8.56935e-08,-0.028097153,0.007637024,9.794964,32.958847,-0.038102888,-52.848846,-2.5174442e-05,300.6839,300.78998,272.78888,0.14056687,1.1793727,-2.679885,-0.7284241,-2.150074,0,0
2020-01-01,0.00071873,0.0,0.109870374,-0.65470845,-0.67863846,3.1292143,3.8414307,16.178787,6825.468,4997.7773,26.85740000000004,295.09912,11.596241,294.49048,294.9,0.6658793,273.15076,-1.33934985e-20,0.06680812,0.07271153,0.19684434,0.2163929,4.487113,0.0005127862,0.0,0.0,0.0,0.0,0.87999845,99.999985,0.0,271.46014,271.4601,271.4597,271.45996,0.13872612,0.17223603,0.24465472,0.3158065,8.19404,1.6357348,2.1290092,-0.55934334,-1.2181726,99210.67,300.29443,0.0,0.018000152,101128.26,548.24866,0.27157563,-0.5276394,-1.4255414,300.4629,300.46045,0.00057607144,0.017214853,0.26259172,1.0212489e-08,-0.0489856,0.0026435852,8.738611,31.237543,-0.062258244,-61.74051,-1.9387051e-05,300.74402,300.61353,272.77142,0.14889167,1.1793752,-2.680379,-1.2792397,-2.7133799,0,0
2020-02-01,0.0029184812,0.0,0.10874629,-0.6594761,-0.68220013,4.4860163,5.9568253,18.473034,8208.231,5009.378,29.176320000000032,295.02875,12.200405,294.5926,294.8956,0.6565759,273.1508,-1.9313207e-20,0.0809997,0.08934164,0.20965922,0.23370656,4.482049,3.99258e-05,0.0,0.0,0.0,0.0,0.88000447,99.999985,0.0,271.45947,271.45987,271.46005,271.45996,0.12314746,0.15607333,0.22562712,0.30452448,4.0506616,1.63221,2.1245146,-0.62231636,-1.0893312,99105.695,302.43164,0.0,0.018000182,101014.88,629.4297,0.2613635,-0.59908676,-1.2959008,301.8713,301.14966,0.00023807213,0.024280388,0.24633971,2.6403404e-07,-0.053810656,0.0010871887,12.149473,30.471277,-0.055342913,-71.89378,-1.665776e-05,302.62225,300.67474,272.93912,0.165627,1.1793661,-2.6802034,-1.4062567,-2.4885263,0,0
2020-03-01,0.6360190499999999,549.03467,0.12213713,-0.5158109,-0.5304726,136.01309,153.37508,187.83578,4199.293,4904.584,31.85146000000003,300.4419,4.5638666,296.0702,298.13135,0.74406004,273.15015,-2.9175998e-20,0.08521061,0.09424323,0.22772843,0.25535202,4.848215,0.013031829,7.3847787e-07,0.0,0.0,0.0,0.88000023,99.999985,0.0,271.45984,271.46005,271.46002,271.45996,0.14171785,0.154284,0.20769602,0.2939542,614.24097,1.651612,2.242878,0.6530216,0.91590035,98908.02,305.90118,0.0,0.018000145,100810.81,861.7569,0.63584125,0.64051795,0.94383526,305.2547,303.9578,0.020297123,0.1437422,0.5791975,8.7898125e-06,0.05152133,0.08932114,26.475052,43.39201,0.06308144,-82.73987,-1.9498897e-05,306.19086,301.73865,272.9903,0.17947465,1.1790725,-2.6766787,1.1184776,1.695162,0,0
2020-04-01,0.439643,506.21802,0.1583553,-0.6939592,-0.6999985,122.849,131.89967,153.27737,3530.6704,4900.586,31.34480000000002,301.4455,4.9020815,296.62213,298.82925,0.7831539,273.15045,-4.0133335999999997e-20,0.07889143,0.08732957,0.24316677,0.27331674,5.8075695,0.012246993,1.3704819e-07,0.0,0.0,0.0,0.88000476,99.999985,0.0,271.45972,271.45978,271.45996,271.45996,0.16005147,0.17397386,0.20872301,0.2840166,534.77136,1.6947832,2.457981,0.98056793,1.7615967,98975.61,305.88058,0.0,0.017999843,100882.52,932.3896,0.6251246,0.9617288,1.7577014,305.7508,304.9227,0.03922216,0.114301264,0.5675219,8.721923e-06,0.08227974,0.10763931,30.857265,46.623814,0.13599461,-90.857925,-2.459401e-05,306.33154,303.1457,272.7836,0.1860007,1.1789794,-2.6788082,1.6421041,2.886901,0,0
2020-05-01,1.6093943,356.2556,0.14238644,-0.7567673,-0.76172626,87.92186,93.46553,108.81232,2317.4775,4917.8945,29.898860000000013,301.48877,4.853614,296.84998,298.96454,0.7835255,273.14966,-4.833951e-20,0.06632921,0.07366582,0.25375763,0.28554016,5.1961956,0.03956774,7.064914e-07,0.0,0.0,0.0,0.8799976,99.999985,0.0,271.4601,271.46008,271.46002,271.45996,0.19843876,0.18853325,0.22202826,0.2753259,647.336,1.7480669,2.7010145,0.7788913,1.7379594,99146.69,304.3395,0.0,0.01799995,101061.08,797.7412,0.6159879,0.7683668,1.7182932,304.61157,304.65784,0.108532846,0.18415692,0.5243976,4.2629108e-05,0.05870733,0.23813248,34.003876,46.907505,0.117036045,-65.46059,-3.0258117e-05,304.56476,304.02274,272.77838,0.18636104,1.1778815,-2.6687908,1.3737841,2.8476515,0,0
2020-06-01,4.057806500000001,274.68057,0.13129354,-0.76508653,-0.7746634,54.01924,56.79242,69.066086,1415.3752,4777.849,27.67294000000004,300.4593,5.160673,296.9399,298.58264,0.78288895,273.15088,-4.1449914e-20,0.054226637,0.060209632,0.25900626,0.29156217,4.657241,0.1305697,6.452593e-06,0.0,0.0,0.0,0.8800036,99.999985,0.0,271.46008,271.45993,271.46036,271.45996,0.3068102,0.2916991,0.2441538,0.2696538,683.5653,1.7809505,2.8148012,0.7983546,1.5150914,99251.95,301.59976,0.0,0.018000122,101175.5,588.2363,0.71761054,0.7709937,1.5303235,301.906,302.6386,0.28082085,0.18344459,0.5633328,7.0904964e-05,0.057951152,0.45964432,33.66505,46.417133,0.08919084,-32.944122,-3.816087e-05,301.36072,303.78815,272.87378,0.1834729,1.1770585,-2.659811,1.3800716,2.65444,0,0
2020-07-01,8.383561,123.25136,0.11754143,-0.8289801,-0.83571386,15.420563,17.450317,24.768875,867.0537,4770.453,26.30444,299.35977,6.077963,296.97025,298.1631,0.77267385,273.15018,-1.3007199e-20,0.04689273,0.051889203,0.25926644,0.29204518,4.211628,0.32097918,3.2778655e-05,0.0,0.0,0.0,0.8800008,99.999985,0.0,271.45987,271.45978,271.45984,271.45996,0.3666125,0.35935795,0.30720687,0.2707442,485.33643,1.7803993,2.7834702,0.9078226,1.1310072,99248.73,300.22992,0.0,0.017999817,101178.41,456.127,0.82478905,0.8797387,1.1855066,300.14734,300.99768,0.3365029,0.3596992,0.68406534,0.00018224202,0.058571495,0.78663254,34.73261,43.916294,0.05673723,-19.837425,-3.8925617e-05,299.21567,302.71576,273.0941,0.17994815,1.173945,-2.623373,1.6188464,2.1705818,1,0
2020-08-01,4.183026,148.18802,0.12716043,-0.71698517,-0.7331102,35.70578,38.2482,51.248672,1180.3557,4837.833,26.17733000000004,298.88608,7.3213005,297.12708,298.05536,0.7526499,273.14868,-2.742611e-21,0.044143993,0.04865303,0.25314546,0.28561434,4.5314884,0.22575843,2.382186e-05,0.0,0.0,0.0,0.87999916,99.999985,0.0,271.45978,271.46002,271.46,271.45996,0.35009515,0.35221392,0.34827733,0.29264742,241.00098,1.7606947,2.6964693,1.0919917,0.9703922,99275.39,299.8789,0.0,0.017999679,101204.375,494.39148,0.8227562,1.0717589,0.9904922,299.8139,300.36542,0.2764005,0.3946753,0.69144773,0.00011420394,0.07579091,0.5668297,31.734617,42.15954,0.061714694,-22.500359,-3.824618e-05,299.19196,301.589,273.0788,0.1750691,1.1760714,-2.6402197,1.9042797,1.7515585,0,0
2020-09-01,10.763112,166.22705,0.10422233,-0.70337504,-0.716745,32.009476,35.697906,48.842163,983.9917,4691.9995,25.75182000000001,299.2086,6.023327,297.277,298.17352,0.7490041,273.15063,-2.5390404000000003e-21,0.04308247,0.04720503,0.2393071,0.27060333,3.890026,0.30067164,6.198042e-05,0.0,0.0,0.0,0.8799988,99.999985,0.0,271.45984,271.46027,271.4599,271.45996,0.3779931,0.379763,0.3761351,0.32386672,584.73193,1.7934275,2.8401499,0.47629738,0.8302858,99255.266,299.4571,0.0,0.01800016,101185.25,378.8512,0.813576,0.46348667,0.8783736,299.40323,299.7966,0.3091457,0.43355012,0.6600632,0.00018623532,0.027548276,0.6632881,33.71357,44.398186,0.038797736,-18.07399,-3.6651974e-05,298.81165,300.77234,273.04816,0.16650772,1.1735346,-2.6248074,0.89025974,1.6152668,1,0
2020-10-01,1.906757,317.17902,0.08717272,-0.38412875,-0.41702652,95.83377,107.752426,142.30606,2083.9697,4780.5386,27.34384,300.26544,4.9684467,297.5104,298.74664,0.7616586,273.15036,-7.9341064e-21,0.04122132,0.044343688,0.21768552,0.2462512,3.7495928,0.076242685,9.857613e-07,0.0,0.0,0.0,0.8799982,99.999985,0.0,271.46027,271.46,271.45996,271.45996,0.3118115,0.3318131,0.35138637,0.34066248,744.44727,1.8208046,2.9654655,0.13866687,0.5813557,99177.43,300.79785,0.0,0.017999738,101098.53,458.09534,0.6262004,0.16975743,0.6455201,300.5769,300.35806,0.12997466,0.17780447,0.51510125,6.7298475e-05,0.0027632415,0.32212067,29.128944,42.494526,0.022465933,-35.579712,-4.2361367e-05,300.6776,300.38336,273.00006,0.1523023,1.1774508,-2.6599464,0.34841585,1.206651,0,0
2020-11-01,0.0044561107,0.0,0.08923352,-0.34803355,-0.39592028,25.356083,32.832275,64.80919,5821.506,5039.0557,28.554830000000038,298.7333,7.2190266,297.3967,298.09604,0.7392411,273.14984,-1.3001961e-20,0.043752957,0.04682776,0.20168075,0.22690979,3.8493328,0.006092608,4.4263686e-09,0.0,0.0,0.0,0.8800031,99.999985,0.0,271.4603,271.46017,271.45996,271.45996,0.16146034,0.21311432,0.27958256,0.33067584,24.672411,1.7725005,2.7572508,-0.3599491,-0.41875708,99122.45,301.81104,0.0,0.018000066,101033.984,636.5886,0.5131054,-0.29120255,-0.48436695,301.73865,301.3935,0.01162663,0.06982669,0.4763978,1.984375e-07,-0.039548755,0.022956848,22.816792,37.065796,-0.025706809,-57.43959,-3.049102e-05,302.03207,300.7257,272.8878,0.14298382,1.179375,-2.6801462,-0.6727886,-1.0013475,0,0
2020-12-01,0.0008525858,0.0,0.084940046,-0.31298256,-0.36150324,43.095123,56.810883,96.50047,4868.7036,4851.4688,28.221339999999998,297.75015,8.356508,297.09943,297.44293,0.714849,273.15015,-1.30447675e-20,0.054362655,0.05868685,0.1914711,0.2124899,3.799737,0.008985102,1.5753585e-09,0.0,0.0,0.0,0.87999845,99.999985,0.0,271.4602,271.4603,271.45972,271.45996,0.1419943,0.18193942,0.25298005,0.31745154,40.216995,1.6867046,2.3658524,0.043623924,-0.3686381,99070.32,301.44373,0.0,0.017999653,100981.17,554.2811,0.18887687,0.12537628,-0.48653054,301.37448,301.36105,0.015939653,0.012159869,0.16546571,8.086772e-08,-0.007640224,0.028625488,15.86208,36.13447,-0.016047142,-59.6369,-2.1868553e-05,301.55304,301.08542,272.94708,0.14056687,1.1793787,-2.6796618,0.06235963,-0.96183014,0,0
2021-01-01,0.00038777216,0.0,0.09355849,-0.46722686,-0.50446606,19.937351,27.968231,56.255814,5576.4834,4885.167,28.312340000000006,296.29565,12.741135,296.14,296.25638,0.66188586,273.14966,-1.0174648e-20,0.06680812,0.07271153,0.19684434,0.2163929,4.0643864,0.004211962,4.9567177e-09,0.0,0.0,0.0,0.8800025,99.999985,0.0,271.45984,271.4599,271.45972,271.45996,0.12931716,0.16725719,0.23668826,0.30639452,14.903748,1.6357348,2.1290092,-0.27051067,-0.62044036,99027.44,301.46997,0.0,0.017999474,100936.53,590.2783,0.2107876,-0.19071102,-0.78454876,301.31537,301.2754,0.009464443,0.0026232705,0.20099258,5.1420557e-08,-0.03035006,0.010910034,10.120081,32.39728,-0.029776566,-63.919937,-1.804519e-05,301.56116,301.2092,272.9853,0.14889167,1.1793783,-2.679945,-0.60819244,-1.5701275,0,0
2021-02-01,0.0007136805,0.0,0.09562218,-0.50187206,-0.53708524,24.65466,35.414383,66.057335,6180.6626,4759.6533,29.108730000000037,295.90796,12.4330845,295.6883,295.85754,0.652287,273.15054,-1.7969832999999998e-20,0.080893785,0.0892182,0.20944163,0.23343396,4.171857,0.0058519244,3.2871696e-09,0.0,0.0,0.0,0.8800008,99.999985,0.0,271.46008,271.46036,271.46033,271.45996,0.122368306,0.16045594,0.22316831,0.2968161,33.81604,1.6320617,2.1235275,-0.2647419,-0.7218985,99034.65,302.42798,0.0,0.018000666,100942.86,631.89075,0.27213115,-0.19545424,-0.8772216,301.9037,301.6089,0.011287391,0.0155398175,0.24911028,6.8173904e-08,-0.0304901,0.009757996,6.681329,30.786106,-0.038472477,-74.34276,-1.6529586e-05,302.27786,301.30072,273.05414,0.16542754,1.1793772,-2.680008,-0.59851074,-1.7158194,0,0
2021-03-01,0.2738514,570.23706,0.12598127,-0.4991588,-0.52101505,114.321594,130.62863,166.0831,4710.9023,4746.1187,31.199600000000032,299.01746,6.507498,296.1349,297.75037,0.72205853,273.1492,-3.6379157999999997e-20,0.08519429,0.094222516,0.22765714,0.25526482,4.9424105,0.009645358,4.9974915e-08,0.0,0.0,0.0,0.88000494,99.999985,0.0,271.45966,271.4601,271.46033,271.45996,0.13694221,0.16250032,0.21381629,0.28777778,316.81262,1.65155,2.2424278,0.3181795,0.6793647,98878.16,305.02533,0.0,0.018000115,100782.09,795.5385,0.5709937,0.30310106,0.65465605,304.30753,303.32507,0.024401398,0.08683474,0.5456723,7.184931e-06,0.0231414,0.070453644,23.214893,40.891155,0.048114777,-83.25717,-1.939349e-05,304.86322,301.86975,273.02502,0.17941728,1.1790694,-2.6776628,0.45460868,1.0595019,0,0
2021-04-01,0.10253928500000001,625.1992,0.13646722,-0.5105536,-0.52601296,138.25809,160.96518,200.30307,3822.8623,4751.2773,31.887260000000026,300.81567,5.0578737,296.74963,298.71405,0.78727835,273.15155,-4.323648e-20,0.07889143,0.08732957,0.24316677,0.27331674,5.2746,0.0100485785,6.990035e-09,0.0,0.0,0.0,0.88000065,99.999985,0.0,271.45972,271.46014,271.46027,271.45996,0.12993717,0.16004401,0.20871764,0.2786827,507.91138,1.6947832,2.457981,0.51605725,1.3123975,98866.54,306.18808,0.0,0.01800032,100768.92,888.52014,0.5303375,0.5102483,1.3313823,305.77325,304.76688,0.021113513,0.10861811,0.46832567,2.7955048e-06,0.043082334,0.06713486,25.70289,43.581173,0.09243895,-92.74226,-1.971222e-05,306.37906,303.00183,272.88196,0.18600124,1.1793168,-2.679182,0.8884678,2.2517328,0,0
2021-05-01,0.42473816,481.61145,0.14281958,-0.6888288,-0.6943419,117.305374,126.520386,147.20555,3249.6255,4768.163,30.52212000000003,301.33478,5.129491,297.00696,299.10028,0.79176074,273.15027,-5.0569019999999995e-20,0.06632921,0.07366582,0.25375763,0.28554016,5.338294,0.015484795,3.6454298e-07,0.0,0.0,0.0,0.88000524,99.999985,0.0,271.46005,271.46027,271.45987,271.45996,0.1583569,0.17361987,0.22330463,0.27044147,527.53326,1.7480669,2.7010145,0.5716429,1.7909808,99048.086,305.01633,0.0,0.01799997,100959.34,814.5994,0.5749403,0.55643964,1.770092,305.114,304.83093,0.048333243,0.21771869,0.46424073,1.1900545e-05,0.045486957,0.121105194,30.778996,46.579594,0.124301255,-77.36102,-2.6189504e-05,305.19107,303.9724,272.81335,0.18636149,1.1790317,-2.676444,1.0186696,2.927723,0,0
2021-06-01,2.294787,330.70578,0.11544621,-0.73624706,-0.74432135,56.922318,62.40715,76.68564,2704.2766,4712.513,28.51663000000002,301.0516,4.998975,297.2025,299.04724,0.79177,273.151,-4.3642199999999994e-20,0.054226637,0.060209632,0.25900626,0.29156217,4.4658146,0.05307433,1.1661964e-06,0.0,0.0,0.0,0.88000435,99.999985,0.0,271.45975,271.46014,271.46008,271.45996,0.23367137,0.21604872,0.23703432,0.263924,658.874,1.7809505,2.8148012,0.2890791,1.2651954,99201.266,302.97192,0.0,0.01800033,101121.29,611.9311,0.6400758,0.29200435,1.2684846,303.32355,303.89465,0.08457413,0.22901362,0.53416926,6.424058e-05,0.01594586,0.30281448,34.263634,46.81456,0.07125202,-50.4662,-3.4804347e-05,302.5527,304.2303,272.816,0.18347237,1.1773379,-2.661377,0.65116906,2.1935596,0,0
2021-07-01,2.414453,228.20685,0.1291163,-0.82151616,-0.8291582,29.844494,32.55221,41.51013,1464.7927,4739.158,27.102750000000015,299.71344,6.549714,297.30203,298.57977,0.78104377,273.15027,-1.3202733e-20,0.04689273,0.051889203,0.25926644,0.29204518,4.75072,0.110806584,5.7333564e-06,0.0,0.0,0.0,0.8799994,99.999985,0.0,271.4603,271.46005,271.46002,271.45996,0.27066576,0.25408548,0.2468974,0.25962603,364.5338,1.7803993,2.7834702,0.95411074,1.3568113,99363.79,301.25406,0.0,0.017999783,101292.234,588.68115,0.7696402,0.94862676,1.3814144,301.3501,302.14807,0.18880838,0.32436138,0.62393606,7.548687e-05,0.06508067,0.49198532,34.061317,44.219803,0.083466575,-34.971283,-3.5158526e-05,300.61472,303.5172,273.02606,0.17994815,1.1772168,-2.655717,1.7115064,2.394658,0,0
2021-08-01,9.38778,147.26997,0.108730555,-0.79793596,-0.80576086,21.544632,23.531834,31.92503,1161.4143,4757.8657,26.329060000000027,299.23206,6.9663925,297.52982,298.40823,0.7570783,273.14984,-2.2092308e-21,0.044143993,0.04865303,0.25314546,0.28561434,4.087369,0.34279126,3.8609738e-05,0.0,0.0,0.0,0.87999827,99.999985,0.0,271.46005,271.46014,271.4598,271.45996,0.3689072,0.36002755,0.32185137,0.26897037,521.44775,1.7606947,2.6964693,0.7185919,0.8361448,99316.84,300.18582,0.0,0.017999846,101247.836,402.1781,0.8737316,0.70700586,0.87773776,299.96497,300.70285,0.30764413,0.45357186,0.7608402,0.00022517782,0.044022597,0.76976776,34.638477,43.959534,0.04210241,-16.073906,-3.7827413e-05,298.89093,302.3737,273.12903,0.1750691,1.1719196,-2.6098928,1.3373129,1.6079473,1,0
2021-09-01,4.9313633,237.90816,0.09500599,-0.5904184,-0.6072848,70.24536,76.82182,97.58836,1543.6438,4677.9375,26.87924000000004,300.1643,5.5957623,297.86957,298.92047,0.75784826,273.14972,-1.0893787e-21,0.04308247,0.04720503,0.2393071,0.27060333,3.7346458,0.13810205,8.96657e-06,0.0,0.0,0.0,0.88000673,99.999985,0.0,271.46014,271.4598,271.46027,271.45996,0.36183643,0.36528814,0.36186343,0.29838717,858.46436,1.7934275,2.8401499,0.22709052,0.78392494,99241.39,300.62415,0.0,0.018000096,101167.8,411.50592,0.7779268,0.21590535,0.80061865,300.4735,300.69052,0.18814898,0.34013116,0.6538713,0.00015250946,0.012005908,0.52069473,33.35271,45.18492,0.03842283,-25.506775,-4.2380736e-05,299.94016,301.46146,273.04373,0.16650918,1.1738731,-2.6402225,0.43195724,1.406949,0,0
2021-10-01,0.9427513000000001,395.24408,0.0983645,-0.36745173,-0.3952695,161.24742,176.67787,216.18304,2464.5417,4777.791,28.42333000000002,300.9876,5.133504,298.18994,299.41345,0.7581934,273.1494,-5.3397837000000004e-21,0.04122132,0.044343688,0.21768552,0.2462512,4.082555,0.06088752,1.4026718e-06,0.0,0.0,0.0,0.8800026,99.999985,0.0,271.45978,271.45996,271.4602,271.45996,0.26039678,0.28077,0.3182431,0.3048675,612.24927,1.8208046,2.9654655,0.24060774,0.867339,99116.266,302.06598,0.0,0.018000085,101033.78,535.80554,0.5777485,0.24292268,0.93540084,301.85547,301.582,0.08686939,0.13354892,0.49708688,2.9573814e-05,0.012783509,0.26133347,30.66472,43.785507,0.040244527,-46.47386,-4.2141713e-05,301.9328,301.31705,273.02258,0.15230456,1.1784093,-2.6720333,0.5151004,1.6767616,0,0
2021-11-01,0.022516730999999998,625.1908,0.08848107,-0.12730658,-0.18007702,149.8691,174.94104,231.21909,4153.554,4848.1406,29.199430000000007,300.44885,5.590416,298.17468,299.21454,0.75738895,273.15015,-9.044729e-21,0.043752957,0.04682776,0.20168075,0.22690979,3.859373,0.031474352,5.8010414e-09,0.0,0.0,0.0,0.8799991,99.999985,0.0,271.45972,271.46002,271.46033,271.45996,0.17706162,0.22653574,0.28684002,0.29839736,211.11432,1.7725005,2.7572508,0.13834864,0.44162184,99027.59,302.60254,0.0,0.018000253,100938.586,592.2073,0.5149072,0.12617612,0.47645307,302.35083,302.13297,0.042560715,0.047911257,0.47099677,1.9049694e-06,0.006438613,0.12036133,23.157684,39.749363,0.018934602,-58.07875,-3.1233576e-05,302.56305,301.62628,273.0334,0.14298396,1.1793871,-2.6786366,0.24887359,0.9426372,0,0
2021-12-01,5.0411472e-05,0.0,0.09718788,-0.50501376,-0.5417312,9.25205,12.890865,34.948837,8565.256,4849.803,27.91995000000003,296.75696,12.574532,296.5677,296.6894,0.67392194,273.1504,-1.2862965500000001e-20,0.054362655,0.05868685,0.1914711,0.2124899,4.1161346,0.0017274916,1.7192576e-09,0.0,0.0,0.0,0.87999845,99.999985,0.0,271.45972,271.46002,271.4602,271.45996,0.14395046,0.18551767,0.2560675,0.2905863,2.875528,1.6867046,2.3658524,-0.58425236,-0.9521136,99073.766,301.16272,0.0,0.01800033,100986.17,493.24524,0.38597733,-0.5400362,-1.1299477,301.19373,301.45764,0.0032258183,0.021745045,0.3755893,5.2294126e-08,-0.047107935,0.003189087,16.913729,33.423996,-0.044759333,-57.326996,-2.2745196e-05,301.0844,301.7389,272.9658,0.14056559,1.1793748,-2.6801405,-1.2544394,-2.177785,0,0
2022-01-01,0.00017787169999999999,0.0,0.11081031,-0.71553665,-0.733809,1.9733025,3.314331,14.509649,8023.783,4750.471,27.384000000000015,295.25198,13.782877,295.18115,295.23633,0.6507117,273.1501,-9.674139e-21,0.06680812,0.07271153,0.19684434,0.2163929,4.534917,0.00010954961,0.0,0.0,0.0,0.0,0.8800024,99.999985,0.0,271.4602,271.4603,271.45996,271.45996,0.13339502,0.16701871,0.23372155,0.28272718,1.4843826,1.6357348,2.1290092,-0.44036007,-1.3350229,99161.06,301.01257,0.0,0.018000279,101077.78,546.77625,0.39307672,-0.38459206,-1.520505,301.0793,301.28455,0.00072400086,0.027470205,0.3813979,5.7215743e-09,-0.044151843,8.392334e-05,13.345011,31.614021,-0.06869537,-63.831665,-1.8075982e-05,301.03073,301.5362,272.95612,0.14889167,1.1793709,-2.6803818,-0.9441614,-2.9604368,0,0
2022-02-01,0.0009039249599999999,0.0,0.09429392,-0.50612247,-0.54229224,21.926964,29.42203,54.799927,7094.125,4786.162,29.2688,295.076,10.911537,294.4558,294.86475,0.66448414,273.14972,-2.4583181e-20,0.080893785,0.0892182,0.20944163,0.23343396,4.1252337,0.0032236427,4.4041144e-09,0.0,0.0,0.0,0.8800024,99.999985,0.0,271.4597,271.46005,271.45972,271.45996,0.12506855,0.160213,0.21625483,0.27540934,19.483887,1.6320617,2.1235275,-0.44342518,-0.6300397,99028.34,302.242,0.0,0.018000107,100936.25,628.65454,0.256469,-0.433465,-0.804893,301.61597,301.301,0.0067905188,0.010473192,0.24205446,6.486471e-08,-0.03798294,0.005207062,8.242014,29.910393,-0.030921645,-75.25522,-1.5448786e-05,302.08243,301.3234,273.07086,0.1654273,1.1793829,-2.6800032,-1.040451,-1.5695705,0,0
2022-03-01,0.02842024,639.25323,0.11794245,-0.41507834,-0.43783158,136.59259,160.02667,203.94711,4598.8076,4790.6245,32.30740000000003,300.17407,5.0991592,296.14923,298.0432,0.7476033,273.14993,-3.4647096e-20,0.08519429,0.094222516,0.22765714,0.25526482,4.7969875,0.010058066,4.218208e-09,0.0,0.0,0.0,0.88000476,99.999985,0.0,271.46002,271.45993,271.4597,271.45996,0.1207723,0.15892607,0.20541465,0.26804912,359.73715,1.65155,2.2424278,0.42655718,0.75147295,98793.16,306.245,0.0,0.018000182,100692.85,840.94507,0.63406277,0.40574753,0.78206444,305.30322,303.9975,0.016858399,0.08869332,0.59574646,3.9040586e-07,0.033326104,0.056819916,23.332323,42.273567,0.051078394,-91.28323,-1.5808902e-05,306.0833,302.0398,273.0843,0.17941558,1.1793609,-2.6800146,0.7059915,1.3930392,0,1
2022-04-01,0.7127297600000001,522.2311,0.14906949,-0.6695949,-0.6763527,118.01082,128.72615,151.3599,3798.0586,4744.1846,30.731930000000034,300.89343,5.442869,296.63733,298.60507,0.7686216,273.15024,-4.0236494999999997e-20,0.07889143,0.08732957,0.24316677,0.27331674,5.4841766,0.014370561,8.466445e-07,0.0,0.0,0.0,0.8800013,99.999985,0.0,271.46027,271.45972,271.45978,271.45996,0.16449177,0.17348558,0.20955688,0.26091975,500.98145,1.6947832,2.457981,0.6916797,1.7200017,98876.305,305.07745,0.0,0.018000003,100783.12,798.9867,0.68840885,0.6773913,1.7265768,305.06964,304.64258,0.022574715,0.21217144,0.62031597,1.8262133e-05,0.05204802,0.115306854,31.47929,46.331306,0.12091744,-76.75778,-2.432253e-05,305.24838,303.32373,272.82114,0.1860024,1.1786646,-2.6748009,1.2660449,2.8991337,0,0
2022-05-01,1.1854849,396.649,0.13359451,-0.7153487,-0.7227924,98.81647,105.5468,123.422455,2840.8643,4778.5283,29.870480000000043,301.28635,5.183901,296.94153,298.8537,0.76478046,273.1493,-5.542281e-20,0.06632921,0.07366582,0.25375763,0.28554016,5.004895,0.026285768,2.8324467e-07,0.0,0.0,0.0,0.8799964,99.999985,0.0,271.46002,271.45978,271.46014,271.45996,0.20135272,0.19599277,0.22345614,0.25484568,711.7577,1.7480669,2.7010145,0.5767751,1.5374856,99128.2,304.22922,0.0,0.018000282,101042.91,748.3225,0.6294077,0.5717666,1.5385833,304.27368,304.2078,0.07320535,0.16301498,0.54989195,2.3360368e-05,0.03905601,0.18211746,32.448746,47.247322,0.097209096,-66.65843,-3.1252937e-05,304.2447,303.85248,272.89908,0.18636253,1.1784137,-2.6745787,1.0731816,2.6113691,0,0
2022-06-01,5.101180599999999,292.14243,0.11891085,-0.7614871,-0.7686467,67.45178,72.018875,85.690186,1976.0239,4664.037,27.581800000000044,300.39188,5.3018312,296.8993,298.47263,0.7648264,273.1501,-4.4928044e-20,0.054226637,0.060209632,0.25900626,0.29156217,4.4333324,0.120889366,1.6432226e-05,0.0,0.0,0.0,0.87999403,99.999985,0.0,271.46002,271.45963,271.4599,271.45996,0.28134507,0.27734733,0.24553412,0.25040197,643.699,1.7809505,2.8148012,0.5145682,1.2277763,99178.2,301.86285,0.0,0.018000118,101101.17,572.1441,0.7010729,0.5124607,1.2648191,302.1494,302.88434,0.18082851,0.24329713,0.5775878,9.711711e-05,0.032299437,0.42095566,33.748188,46.235973,0.06866008,-39.82846,-3.625396e-05,301.31348,303.74768,272.89313,0.1834706,1.1758475,-2.6554441,1.0129449,2.2394037,0,0
2022-07-01,4.4151023,185.46925,0.12520295,-0.81449145,-0.82417566,28.14038,29.637589,38.39795,1171.7388,4709.602,26.965720000000033,299.41528,6.2449684,296.82724,298.08908,0.7620505,273.14954,-1.16193834e-20,0.04689273,0.051889203,0.25926644,0.29204518,4.510062,0.20893961,1.1417205e-05,0.0,0.0,0.0,0.8800021,99.999985,0.0,271.45996,271.46008,271.46033,271.45996,0.31909823,0.3160094,0.27895516,0.25002003,361.26086,1.7803993,2.7834702,1.0578396,1.2125204,99301.03,300.7778,0.0,0.01800016,101229.7,536.1719,0.7816334,1.0363958,1.2505293,300.63748,301.33875,0.2581768,0.3781554,0.6199,0.00011865847,0.07004744,0.5936394,33.769173,44.046585,0.067587435,-27.39772,-3.7740094e-05,299.89594,302.77457,273.11655,0.17994924,1.1758217,-2.6413364,1.8530254,2.1996288,0,0
2022-08-01,4.465911,201.33041,0.12929851,-0.75862694,-0.7715464,37.48021,40.227646,51.865234,1282.2302,4739.2656,26.079800000000034,298.68103,7.012328,296.76178,297.755,0.7537201,273.1515,-1.8830904e-21,0.044143993,0.04865303,0.25314546,0.28561434,4.6529694,0.23826355,1.87721e-05,0.0,0.0,0.0,0.8800045,99.999985,0.0,271.46002,271.45972,271.46008,271.45996,0.34247702,0.3419248,0.31307358,0.25436532,177.90138,1.7606947,2.6964693,0.97806203,1.1420898,99241.484,299.748,0.0,0.018000126,101171.45,491.49512,0.85292894,0.9754628,1.1793396,299.6258,300.3112,0.33696133,0.45069677,0.6810566,0.00012608775,0.06473617,0.5917511,30.773266,42.875633,0.06872566,-17.901772,-3.5464e-05,298.77808,301.74734,273.1159,0.1750691,1.1757715,-2.6368523,1.764658,2.0717783,0,0
2022-09-01,7.518250500000001,161.5641,0.10044062,-0.73193884,-0.741593,33.04744,36.64676,48.175415,1053.842,4673.6987,26.14028000000002,299.14084,5.9564342,296.9771,297.9829,0.7531819,273.1488,-6.093934000000001e-22,0.04308247,0.04720503,0.2393071,0.27060333,3.8144712,0.29765975,3.421289e-05,0.0,0.0,0.0,0.8800005,99.999985,0.0,271.46027,271.4604,271.46014,271.45996,0.37723976,0.3776195,0.3654335,0.2792415,529.2583,1.7934275,2.8401499,0.44734788,0.81645024,99269.766,299.7973,0.0,0.01800023,101200.11,377.37787,0.84937316,0.43748122,0.8392428,299.46497,299.81616,0.30112737,0.4064895,0.75426376,0.0002056809,0.026479144,0.71038055,34.075943,44.36795,0.040295087,-17.951149,-3.7088972e-05,298.74344,300.82233,273.1123,0.16650838,1.1730314,-2.6189966,0.8455168,1.4783812,0,0
2022-10-01,2.3666427000000003,340.50726,0.08583775,-0.34347844,-0.383205,92.556564,103.25531,139.48946,2585.9368,4709.051,27.62760000000003,300.11044,5.3797855,297.3773,298.5795,0.7536801,273.15076,-8.093497e-21,0.04122132,0.044343688,0.21768552,0.2462512,3.6665754,0.08160433,2.279975e-06,0.0,0.0,0.0,0.8800014,99.999985,0.0,271.45978,271.4599,271.46014,271.45996,0.30802894,0.32707375,0.3445515,0.30162358,524.574,1.8208046,2.9654655,-0.11725283,0.5289392,99184.83,300.99277,0.0,0.018000614,101105.8,449.51898,0.6260965,-0.10798836,0.5736484,300.5593,300.38403,0.11019486,0.18884605,0.54589033,6.820445e-05,-0.011609107,0.26771545,30.879635,43.063873,0.020585433,-36.36351,-4.1804116e-05,300.5008,300.4263,273.08722,0.15230179,1.1772134,-2.661316,-0.15251589,1.0076168,0,0
2022-11-01,0.0042884058,0.0,0.08624497,-0.29129547,-0.34516007,34.537712,42.93308,78.06821,5683.4814,4956.5444,28.38130000000001,298.56036,7.066866,297.05768,297.8197,0.7429414,273.15002,-7.46147e-21,0.043752957,0.04682776,0.20168075,0.22690979,3.784608,0.008785136,2.5064253e-09,0.0,0.0,0.0,0.8799983,99.999985,0.0,271.46014,271.4603,271.46008,271.45996,0.1606018,0.21336281,0.2822687,0.297737,39.685135,1.7725005,2.7572508,-0.25488818,-0.29323047,99090.58,301.47995,0.0,0.01799998,101002.305,587.5239,0.41570055,-0.18793732,-0.36039943,301.3473,301.17798,0.013984073,0.044958558,0.38538933,1.1234116e-07,-0.027730498,0.02759552,20.534166,36.276443,-0.017657824,-57.404526,-3.0067531e-05,301.54324,300.70276,272.9726,0.14298396,1.1793804,-2.679761,-0.4755726,-0.7070675,0,0
2022-12-01,0.0002263896,0.0,0.09768438,-0.5331261,-0.5661541,10.532932,14.120209,34.980164,8077.0625,4785.0034,27.38235000000003,296.22107,11.768368,295.94434,296.1094,0.6831831,273.14978,-1.399768e-20,0.054362655,0.05868685,0.1914711,0.2124899,4.1490974,0.0013470724,3.9383963e-10,0.0,0.0,0.0,0.8800014,99.999985,0.0,271.46002,271.45996,271.46014,271.45996,0.13665512,0.17191291,0.24732828,0.28877097,6.5217,1.6867046,2.3658524,-0.4478712,-0.94339037,99122.39,300.56232,0.0,0.017999988,101038.16,535.9083,0.3362857,-0.38027573,-1.1144919,300.50153,300.7549,0.0025083127,0.013812233,0.3300712,3.246919e-08,-0.04241395,0.0031471252,8.784595,33.412216,-0.046923667,-58.37491,-2.0207146e-05,300.39853,300.87943,273.02475,0.14056742,1.1793752,-2.680111,-0.9493494,-2.1133308,0,0
2023-01-01,0.02014346,0.0,0.101615936,-0.5785575,-0.60589564,20.002731,25.875961,47.151947,8376.291,4744.6772,27.80600000000004,294.77118,12.030506,294.32996,294.63422,0.6558523,273.15002,-1.1322238e-20,0.06680812,0.07271153,0.19684434,0.2163929,4.2920237,0.0035034968,3.150717e-09,0.0,0.0,0.0,0.87999976,99.999985,0.0,271.4601,271.4601,271.4602,271.45996,0.1319656,0.15560937,0.22548974,0.2804504,52.25731,1.6357348,2.1290092,-0.21491706,-0.82443,99124.94,301.03207,0.0,0.018000036,101039.51,563.65576,0.33210093,-0.15538186,-1.0160551,300.60184,300.36456,0.0072584944,0.011778478,0.32581705,1.8073479e-07,-0.02482406,0.013050079,11.331177,33.85446,-0.03795456,-66.98476,-1.6032092e-05,300.9508,300.5856,273.0531,0.14889167,1.1793611,-2.6801872,-0.5603285,-1.9586678,0,0
2023-02-01,0.00015994738,0.0,0.10616264,-0.5627585,-0.586303,50.463806,62.09262,89.98158,6774.578,4689.7427,30.216970000000003,296.58142,7.665536,295.10077,295.98026,0.7160247,273.15015,-2.3015477e-20,0.080893785,0.0892182,0.20944163,0.23343396,4.4592886,0.0038087815,1.711804e-09,0.0,0.0,0.0,0.87999845,99.999985,0.0,271.45938,271.45996,271.4602,271.45996,0.11630799,0.1513483,0.20805275,0.27302003,74.47095,1.6320617,2.1235275,-0.41540813,-0.5575797,99022.22,303.6043,0.0,0.018000718,100929.22,689.42944,0.32835048,-0.40805054,-0.6749805,302.7575,302.01703,0.00820771,0.021637559,0.31199884,4.6684363e-08,-0.035704672,0.012413025,12.794416,34.831917,-0.029083565,-79.89087,-1.36548915e-05,303.35965,300.9412,273.1068,0.16542408,1.1793747,-2.6802044,-0.9400892,-1.2527733,0,0
2023-03-01,0.5076361,597.5716,0.12123847,-0.4822681,-0.50056714,118.88635,137.9139,173.62991,4137.6436,4634.662,31.272970000000043,300.14145,5.04587,296.06525,298.05704,0.7634522,273.1495,-2.918194e-20,0.08519429,0.094222516,0.22765714,0.25526482,4.8072443,0.011168402,2.2005821e-07,0.0,0.0,0.0,0.88000494,99.999985,0.0,271.46027,271.46033,271.45966,271.45996,0.14382553,0.15969521,0.20278567,0.26579565,453.90015,1.65155,2.2424278,0.41574562,0.95833266,98922.87,305.2492,0.0,0.018000092,100828.23,856.76807,0.61693275,0.40557122,1.0083321,304.6297,303.7162,0.0125392005,0.1846078,0.5446497,1.1840562e-05,0.030389624,0.07777023,24.920141,43.160507,0.061069254,-81.50017,-1.9379564e-05,305.2298,301.9428,273.04147,0.17941612,1.1788013,-2.6766205,0.78785276,1.8318386,0,0
2023-04-01,0.41786378,565.3265,0.14115274,-0.6013571,-0.60954845,146.93916,161.5406,190.51172,3864.5762,4759.158,31.518400000000042,301.20288,4.82975,296.4651,298.62106,0.78578734,273.1496,-4.1376977e-20,0.07889143,0.08732957,0.24316677,0.27331674,5.343157,0.015203297,3.2710756e-07,0.0,0.0,0.0,0.8800034,99.999985,0.0,271.45966,271.4598,271.46017,271.45996,0.1474523,0.16186345,0.19881213,0.25866443,576.5332,1.6947832,2.457981,0.7521908,1.3496919,98861.5,305.84717,0.0,0.018000059,100766.75,846.35706,0.72348726,0.7356087,1.3782425,305.42062,304.64404,0.028678171,0.18966243,0.6603879,1.0401831e-05,0.061533183,0.12482834,29.414059,45.933033,0.093741894,-84.39377,-2.0627987e-05,305.72058,303.04773,272.92404,0.18600008,1.1790009,-2.6769934,1.2768664,2.359538,0,0
2023-05-01,2.0249783999999997,412.74664,0.13940948,-0.7159339,-0.722184,87.244705,95.04651,112.47095,2942.132,4899.244,30.53520000000003,301.6548,4.880275,296.72476,298.97775,0.78575194,273.15,-5.689059e-20,0.06632921,0.07366582,0.25375763,0.28554016,5.1637983,0.028000128,1.6411386e-06,0.0,0.0,0.0,0.8800037,99.999985,0.0,271.45966,271.4599,271.46008,271.45996,0.20226002,0.19372934,0.21195602,0.2521698,747.2637,1.7480669,2.7010145,0.56056523,1.6662383,99070.164,304.85928,0.0,0.018000018,100981.664,761.8898,0.6532446,0.55148363,1.6484704,304.8824,304.61688,0.06091036,0.16885316,0.5734,3.0804527e-05,0.042305626,0.18983841,33.114418,47.052944,0.11121482,-70.32909,-3.104027e-05,304.8863,303.88107,272.81207,0.18636137,1.178379,-2.670947,1.0497422,2.7701693,0,0
2023-06-01,3.4150658,242.25018,0.1268689,-0.7779937,-0.7853625,50.558594,54.260284,66.05687,1719.155,4842.4375,27.975600000000043,300.51486,5.2620173,296.84772,298.5556,0.77981555,273.15015,-4.0614794e-20,0.054226637,0.060209632,0.25900626,0.29156217,4.593769,0.13696015,9.035592e-06,0.0,0.0,0.0,0.8799972,99.999985,0.0,271.4603,271.45996,271.45966,271.45996,0.29315078,0.27133888,0.22729754,0.24738014,436.89087,1.7809505,2.8148012,0.5143753,1.3530083,99280.41,302.03503,0.0,0.017999757,101204.94,582.578,0.77849025,0.5083928,1.3730602,302.14575,302.974,0.17251337,0.28935516,0.67084944,9.5343305e-05,0.034780756,0.44246292,34.4067,44.854614,0.079227,-35.8562,-3.7485534e-05,301.2881,303.87775,273.01685,0.18347172,1.1759685,-2.655445,0.9911485,2.3931484,0,0
2023-07-01,6.3176975,174.13994,0.1177941,-0.78798217,-0.79681396,34.789368,37.191193,47.212616,1120.2346,4848.8213,27.695400000000006,300.3495,5.2479687,297.02438,298.5417,0.7741737,273.1499,-1.4250709999999998e-20,0.04689273,0.051889203,0.25926644,0.29204518,4.280571,0.1729325,2.2299566e-05,0.0,0.0,0.0,0.88000715,99.999985,0.0,271.4603,271.4602,271.45993,271.45996,0.3437891,0.33569038,0.2800985,0.24688292,666.5498,1.7803993,2.7834702,0.5718812,1.2635903,99365.39,301.55975,0.0,0.018000077,101292.914,496.96594,0.78133005,0.54460686,1.2908201,301.33118,301.7681,0.275307,0.24137086,0.65282303,0.00013217758,0.040302992,0.641243,34.45912,45.12777,0.06876771,-29.170105,-4.0974657e-05,300.6504,302.97122,273.10498,0.17994815,1.1750785,-2.6425114,0.9824095,2.2889147,0,0
2023-08-01,6.708971999999999,189.13669,0.11709064,-0.7674115,-0.7789719,24.273788,26.452389,36.58438,1065.4768,4839.254,26.922300000000007,299.80627,5.8987017,297.08627,298.39114,0.768478,273.1512,-2.8242983e-21,0.044143993,0.04865303,0.25314546,0.28561434,4.288806,0.27647513,2.9347459e-05,0.0,0.0,0.0,0.8800001,99.999985,0.0,271.46048,271.4605,271.46014,271.45996,0.36663812,0.36400372,0.3359713,0.2611224,512.1803,1.7606947,2.6964693,0.5882677,1.0869595,99303.06,300.6729,0.0,0.017999932,101231.234,454.42615,0.813999,0.57291126,1.1042802,300.48917,301.01495,0.32520843,0.3864136,0.67241144,0.00016438469,0.041999653,0.69974136,33.90069,44.372597,0.06275491,-19.495789,-3.856708e-05,299.7282,302.13538,273.0784,0.1750691,1.1740032,-2.62852,1.0374107,1.961338,0,0
2023-09-01,3.5435455,248.3515,0.101501524,-0.6397107,-0.6557684,58.38098,63.27945,81.00067,1466.4839,4799.2183,27.40160000000003,300.257,5.3545713,297.3448,298.64417,0.7651494,273.1501,-1.1976107e-21,0.04308247,0.04720503,0.2393071,0.27060333,3.8524122,0.13981521,4.7253434e-06,0.0,0.0,0.0,0.88000214,99.999985,0.0,271.46008,271.4602,271.46005,271.45996,0.34604555,0.34703147,0.34142107,0.28373003,693.6792,1.7934275,2.8401499,0.33461428,0.9696028,99238.4,300.94077,0.0,0.01799988,101163.3,430.8772,0.7577307,0.3268872,0.99974465,300.70667,300.8822,0.22573173,0.28888524,0.63184446,0.00010716471,0.019709848,0.5112915,34.125023,45.16465,0.0498337,-25.748734,-3.980402e-05,300.31793,301.50006,273.0624,0.166507,1.1761134,-2.647519,0.6399536,1.7641125,0,0
2023-10-01,2.2263657,344.00146,0.0892559,-0.38463485,-0.41031647,126.73755,139.95395,174.23895,2612.6562,4847.6953,28.628000000000043,301.09943,4.541319,297.59024,299.05615,0.76613045,273.14972,-4.253954e-21,0.04122132,0.044343688,0.21768552,0.2462512,3.853283,0.092345774,6.051604e-06,0.0,0.0,0.0,0.8799986,99.999985,0.0,271.45978,271.4601,271.45996,271.45996,0.2824505,0.30461133,0.3145355,0.28635317,683.3237,1.8208046,2.9654655,0.0538584,0.8491514,99140.59,302.2118,0.0,0.017999966,101058.86,496.11224,0.74557126,0.04817635,0.9065815,301.80884,301.53915,0.09117305,0.21561408,0.67544913,6.396779e-05,0.0016485527,0.33018494,32.005585,43.448494,0.037297934,-41.271805,-4.0697156e-05,301.81232,301.34003,273.0699,0.15230152,1.1774334,-2.6617613,0.17357183,1.6532536,0,0
2023-11-01,0.5327603,508.8547,0.09183326,-0.34298337,-0.38050246,99.34265,113.44151,151.02116,4729.5,4941.1104,29.60214000000002,300.11005,5.6561403,297.61362,298.74005,0.75458497,273.14954,-8.333867e-21,0.043752957,0.04682776,0.20168075,0.22690979,3.9127874,0.029510658,5.4166117e-07,0.0,0.0,0.0,0.8799981,99.999985,0.0,271.46045,271.46002,271.45978,271.45996,0.17413878,0.20868349,0.26970768,0.28105545,175.70276,1.7725005,2.7572508,-0.17555785,0.34376848,99085.72,303.12225,0.0,0.017999269,100997.66,599.68823,0.63417476,-0.18027717,0.3665957,302.79114,302.52484,0.032435447,0.13722205,0.5698393,9.4428815e-06,-0.016433816,0.11499405,25.875496,39.79546,0.013310029,-56.025574,-2.8106297e-05,302.85284,301.7876,273.06818,0.14298382,1.1790257,-2.6772318,-0.28400815,0.68854475,0,0
2023-12-01,0.0006242626,0.0,0.09375852,-0.48827124,-0.5261874,10.028496,16.101465,41.027695,5462.44,5016.8647,28.198080000000004,296.96527,11.022379,296.45038,296.72314,0.69073117,273.15002,-1.7112664e-20,0.054362655,0.05868685,0.1914711,0.2124899,4.058152,0.0040831566,6.2098025e-09,0.0,0.0,0.0,0.8799963,99.999985,0.0,271.45953,271.45993,271.4602,271.45996,0.14384228,0.17846543,0.23546708,0.27348793,2.5016937,1.6867046,2.3658524,-0.39789772,-0.93745995,99160.8,301.37708,0.0,0.01800004,101074.45,546.2589,0.19577047,-0.33332253,-1.1283684,301.37903,301.71426,0.006061673,0.005291069,0.18745437,9.3604285e-08,-0.037926525,0.009105682,6.491849,31.56894,-0.046337515,-62.26468,-2.0028812e-05,301.21906,301.96207,273.0029,0.14056687,1.1793683,-2.68007,-0.82252884,-2.132146,0,0
2024-01-01,0.00032910793,0.0,0.094717205,-0.5695806,-0.59907806,11.036804,15.187321,35.197002,0.0,4951.7217,28.124000000000024,295.58655,13.128994,295.45068,295.55707,0.6512883,273.1494,-1.19257795e-20,0.06680812,0.07271153,0.19684434,0.2163929,4.133868,0.0022854507,7.8767926e-10,0.0,0.0,0.0,0.8799992,99.999985,0.0,271.45972,271.46008,271.46002,271.45996,0.12841475,0.1616795,0.21882963,0.26614612,7.045868,1.6357348,2.1290092,-0.47102165,-0.93932915,99277.81,301.3706,0.0,0.018000156,101192.84,554.13635,0.08740336,-0.44126415,-1.1825724,301.19745,301.31128,0.0056241453,0.006032658,0.07713312,3.9610768e-08,-0.03882748,0.0033569336,1.4718828,30.295837,-0.04533696,-68.33563,-1.5548234e-05,301.30988,301.70615,273.01923,0.14889167,1.1793754,-2.6800861,-1.0906572,-2.2207317,0,0
2024-02-01,0.018464263,0.0,0.10363674,-0.60191184,-0.6236762,43.685852,54.46541,81.40004,6007.448,4873.4126,30.55250000000001,296.66425,8.923788,295.1903,296.0628,0.6752763,273.15048,-2.3083477e-20,0.0809997,0.08934164,0.20965922,0.23370656,4.3277025,0.0015218332,6.6952452e-09,0.0,0.0,0.0,0.87999684,99.999985,0.0,271.45966,271.45987,271.46008,271.45996,0.11578332,0.15551633,0.20640546,0.25957358,98.14851,1.63221,2.1245146,-0.18329018,-0.68563175,99108.375,304.1072,0.0,0.018000014,101015.3,652.9761,0.3737067,-0.17113286,-0.82456493,303.49295,302.6031,0.003208874,0.13010564,0.31641906,1.8436558e-07,-0.018664964,0.0072364807,16.451021,35.11908,-0.03510722,-74.36441,-1.3585261e-05,304.09747,301.72153,273.03503,0.16562879,1.1793742,-2.6801367,-0.4958954,-1.5415916,0,0
2024-03-01,0.1018053,672.8866,0.12641072,-0.45095378,-0.46624452,171.56088,193.89105,235.38782,4591.215,4975.8647,33.31716,301.50452,4.4509687,296.10422,298.6383,0.78045654,273.1499,-2.6641286999999998e-20,0.08521061,0.09424323,0.22772843,0.25535202,5.014449,0.0056646434,1.1246158e-08,0.0,0.0,0.0,0.88000154,99.999985,0.0,271.46033,271.45984,271.46005,271.45996,0.12354848,0.15320253,0.19869941,0.25320703,475.02246,1.651612,2.242878,0.4432367,0.9544444,98902.67,307.436,0.0,0.01800032,100802.164,899.3335,0.658463,0.4285165,1.0045133,306.62177,305.22357,0.014013874,0.110530525,0.61145854,2.5512627e-06,0.035799056,0.048347473,25.903866,42.839867,0.063405916,-93.43146,-1.5753183e-05,307.40472,302.90356,273.04184,0.17947495,1.1792767,-2.6793442,0.75192416,1.789815,0,1
2024-04-01,0.60107815,525.6923,0.15006888,-0.6223983,-0.6309104,146.2522,160.42772,188.78488,4166.0205,4998.351,32.617999999999995,302.19376,4.616433,296.44846,299.10773,0.7948942,273.1496,-4.6335352e-20,0.07889143,0.08732957,0.24316677,0.27331674,5.5553627,0.009346237,3.0847264e-07,0.0,0.0,0.0,0.8800024,99.999985,0.0,271.45996,271.46017,271.46036,271.45996,0.15737414,0.16550064,0.20144916,0.24667472,739.595,1.6947832,2.457981,0.7961197,1.5454874,98847.2,307.08282,0.0,0.01800016,100748.18,884.502,0.720168,0.7688745,1.5508952,306.90497,306.14755,0.022761598,0.13452819,0.67291784,7.551753e-06,0.06462422,0.09125137,30.07966,45.908676,0.11022812,-88.728226,-2.2663553e-05,307.208,304.37115,272.86456,0.1860024,1.1790514,-2.678687,1.3181393,2.5855455,0,1
2024-05-01,0.48628368,438.2317,0.1417445,-0.6958378,-0.7015249,107.28882,117.10916,137.60797,3331.7148,5030.7446,31.29226,302.225,4.5988092,296.71655,299.25137,0.79489666,273.15143,-4.4679854e-20,0.06632921,0.07366582,0.25375763,0.28554016,5.257782,0.018519863,6.605228e-07,0.0,0.0,0.0,0.8800001,99.999985,0.0,271.46008,271.46008,271.4602,271.45996,0.16880643,0.18514621,0.22503155,0.24097472,670.8031,1.7480669,2.7010145,0.74219084,1.7011366,99010.4,305.88867,0.0,0.018000353,100918.64,796.54443,0.6593176,0.7323446,1.6819286,306.1051,305.98218,0.042129695,0.1693486,0.5850294,2.0147912e-05,0.05272314,0.15836716,33.505653,46.46591,0.11608267,-72.045654,-2.820936e-05,305.80856,305.2434,272.75037,0.18636104,1.1786798,-2.6750746,1.3109353,2.754198,0,0
2024-06-01,1.4764131,341.29083,0.12627703,-0.7683435,-0.77310145,82.04274,87.01048,101.17679,2331.987,4869.717,29.070899999999995,301.22852,4.8202076,296.9143,298.95187,0.7948834,273.1505,-3.8575807e-20,0.054226637,0.060209632,0.25900626,0.29156217,4.759794,0.04453523,1.112096e-06,0.0,0.0,0.0,0.88000476,99.999985,0.0,271.45966,271.46027,271.4602,271.45996,0.20053291,0.20653468,0.25050366,0.23654193,402.4215,1.7809505,2.8148012,0.48698378,1.4676814,99218.555,303.65997,0.0,0.018000312,101137.36,707.9915,0.57433826,0.48198783,1.4661989,304.00388,304.6071,0.09437248,0.21327674,0.4562176,3.109227e-05,0.032222126,0.28657532,34.386932,45.88012,0.087800935,-57.75287,-3.1967968e-05,303.50592,305.2619,272.86423,0.18347156,1.1781914,-2.6731071,0.9232484,2.479332,0,0
2024-07-01,5.605449,134.52348,0.12949175,-0.83094776,-0.8395781,11.006546,12.195023,18.837025,969.448,4873.091,27.299900000000036,299.94736,5.892129,297.0445,298.5359,0.79242945,273.1501,-1.2407215e-20,0.04689273,0.051889203,0.25926644,0.29204518,4.600996,0.25353903,1.0790753e-05,0.0,0.0,0.0,0.87999904,99.999985,0.0,271.45978,271.4604,271.4601,271.45996,0.34628892,0.3284099,0.27907085,0.23554993,464.08374,1.7803993,2.7834702,1.060535,1.1342666,99344.125,301.27618,0.0,0.017999902,101272.414,503.3999,0.8359735,1.0318344,1.1751726,301.22504,302.33325,0.3092432,0.3550958,0.7028234,0.00013672245,0.070428625,0.74173355,34.872368,44.116516,0.06335388,-22.989182,-3.9692117e-05,300.26404,304.3004,273.12534,0.17994815,1.1759806,-2.6307373,1.8386183,2.1215086,0,0
2024-08-01,4.6807714,167.73886,0.15175682,-0.8303008,-0.8396488,9.774525,10.70311,17.584614,1079.7327,4884.764,27.13757000000004,299.28918,7.291732,297.16483,298.38586,0.78521377,273.15024,-1.8950088e-21,0.044143993,0.04865303,0.25314546,0.28561434,5.3056097,0.22388732,1.721908e-05,0.0,0.0,0.0,0.88000226,99.999985,0.0,271.46005,271.45972,271.4602,271.45996,0.3233049,0.32045192,0.29856026,0.24013406,207.44522,1.7606947,2.6964693,1.1960664,1.4324741,99281.03,300.89044,0.0,0.017999891,101208.3,573.5259,0.82489496,1.172963,1.4715633,300.76938,301.45782,0.31644398,0.41097403,0.68699694,0.00011009486,0.08604157,0.6056824,32.67961,43.354824,0.0903205,-24.243607,-3.7749596e-05,300.02124,302.98773,273.11426,0.1750691,1.1762612,-2.642335,2.07654,2.579382,0,0
2024-09-01,6.8582966999999995,129.57939,0.09633702,-0.67102414,-0.6854111,40.20874,43.564743,58.00743,1070.5225,4864.582,27.33602000000002,300.15002,5.4555426,297.46637,298.7133,0.77385837,273.1494,-1.1788614e-21,0.04308247,0.04720503,0.2393071,0.27060333,3.9220743,0.22085798,3.1713018e-05,0.0,0.0,0.0,0.8799993,99.999985,0.0,271.46033,271.46005,271.4596,271.45996,0.3672439,0.36768234,0.34450096,0.26001453,596.70337,1.7934275,2.8401499,0.5183092,0.7589704,99253.83,301.0526,0.0,0.017999772,101180.05,449.7005,0.7560896,0.504979,0.78506875,300.71802,301.01807,0.2288158,0.29319295,0.62906635,0.00012961733,0.030768156,0.66501236,32.89902,43.989563,0.037138313,-30.772049,-4.3087206e-05,300.39178,302.0378,273.11176,0.166507,1.1753563,-2.6410933,0.90875506,1.4409313,0,0
2024-10-01,3.6956389,246.01932,0.08654106,-0.47272646,-0.49557889,86.402084,95.95351,123.64145,1831.5627,4842.9307,27.929100000000005,300.6858,4.8787584,297.6799,299.0166,0.77388763,273.15015,-6.5770326000000005e-21,0.04122132,0.044343688,0.21768552,0.2462512,3.711031,0.11908728,4.5656725e-06,0.0,0.0,0.0,0.8800034,99.999985,0.0,271.4602,271.46002,271.45996,271.45996,0.33216196,0.34182417,0.3459316,0.28309965,693.2661,1.8208046,2.9654655,0.064745605,0.5765064,99223.59,301.48416,0.0,0.017999947,101146.09,454.82373,0.7380184,0.06489486,0.61126065,301.10925,301.1397,0.12415779,0.24847847,0.6420581,8.5148364e-05,0.0005739406,0.42004395,32.25256,43.553078,0.02251425,-34.4402,-4.235882e-05,300.9112,301.53415,273.1242,0.15230164,1.1769327,-2.654911,0.17116785,1.1421973,0,0
2024-11-01,0.0024263645,0.0,0.09829086,-0.44568264,-0.48667818,12.398695,16.215527,41.649277,6646.586,4987.7246,28.613500000000045,298.09024,9.573144,297.24203,297.7198,0.7257565,273.1505,-1.0634679999999999e-20,0.043752957,0.04682776,0.20168075,0.22690979,4.13525,0.0018792152,8.52161e-10,0.0,0.0,0.0,0.8800035,99.999985,0.0,271.46002,271.4599,271.45996,271.45996,0.15818238,0.2103095,0.27485424,0.28131485,6.1698456,1.7725005,2.7572508,-0.72336483,-0.87483406,99161.08,301.72522,0.0,0.017999623,101074.875,626.3478,0.2474922,-0.68730927,-1.0377946,301.45715,301.60547,0.0034217224,0.019150585,0.234029,4.9909886e-08,-0.06104964,0.004119873,12.912628,34.72896,-0.044517517,-59.39041,-3.015736e-05,301.40057,301.5289,273.09918,0.14298382,1.179373,-2.6801567,-1.4603605,-1.9985781,0,0
2024-12-01,0.0,0.0,0.10678613,-0.70250547,-0.72261345,0.138082,0.4962081,10.6882305,11226.3955,4977.8584,27.573000000000036,295.52118,14.140106,295.46848,295.5127,0.6498584,273.14966,-1.4396328999999998e-20,0.054362655,0.05868685,0.1914711,0.2124899,4.427062,1.1695316e-05,0.0,0.0,0.0,0.0,0.88000035,99.999985,0.0,271.46,271.46033,271.46008,271.45996,0.13272241,0.16775596,0.23623008,0.2720071,0.06256294,1.6867046,2.3658524,-0.6482096,-1.2505102,99187.15,300.89432,0.0,0.018000145,101103.5,554.2844,0.2856083,-0.6057081,-1.4868712,300.88593,301.04883,0.00013265572,0.00043590233,0.2854632,1.1815189e-09,-0.055114865,0.0,10.501508,31.560072,-0.058458984,-61.482986,-1.9123254e-05,300.94403,301.416,272.97052,0.14056687,1.1793708,-2.6803951,-1.4357853,-2.8487167,0,0
2025-01-01,0.00010907661,0.0,0.094641685,-0.5477173,-0.5781874,16.773365,21.619469,42.733017,9245.586,4815.6157,28.55874,295.64267,11.446695,295.30862,295.54834,0.6583307,273.14984,-1.4041509999999998e-20,0.06680812,0.07271153,0.19684434,0.2163929,4.117119,0.00088440627,3.9383963e-10,0.0,0.0,0.0,0.87999475,99.999985,0.0,271.4602,271.45975,271.46045,271.45996,0.13384795,0.1616829,0.22308755,0.26411796,7.020048,1.6357348,2.1290092,-0.27919096,-0.7486491,99102.3,301.80276,0.0,0.017999917,101013.35,574.0515,0.38930374,-0.22378552,-0.94898796,301.49988,301.3266,0.0022523105,0.0053219963,0.38529724,2.4570681e-08,-0.030562527,0.0017204285,11.576349,32.740906,-0.034166418,-66.4971,-1.6613107e-05,301.77573,301.24414,273.03256,0.14889167,1.1793792,-2.6800585,-0.6627903,-1.8573561,0,0
2025-02-01,0.058024132,0.0,0.09917176,-0.5319587,-0.5586473,45.686447,56.16764,85.3777,6537.7637,4801.0205,30.798820000000035,297.5739,7.21087,296.20972,296.9633,0.71355134,273.15012,-1.4316474e-20,0.080893785,0.0892182,0.20944163,0.23343396,4.234774,0.003776607,2.4866296e-09,0.0,0.0,0.0,0.8800019,99.999985,0.0,271.45996,271.46005,271.4602,271.45996,0.12575614,0.15718156,0.2109561,0.2574752,110.49181,1.6320617,2.1235275,-0.09883946,-0.2832775,98927.15,304.22586,0.0,0.017999675,100829.86,738.10547,0.52084047,-0.108808935,-0.39317483,303.55728,302.6418,0.0059423265,0.056159377,0.494444,6.628076e-07,-0.01249478,0.016880035,18.22934,37.60497,-0.01341987,-77.91875,-1.545652e-05,304.31396,301.58835,273.06375,0.1654273,1.179342,-2.6800165,-0.35280132,-0.7603264,0,0
2025-03-01,0.0136953895,708.51904,0.1297968,-0.4142822,-0.43197745,161.14296,184.14935,227.1262,4763.6846,4918.5474,32.851950000000045,301.2271,4.9365244,297.10605,299.00406,0.7653209,273.14966,-3.8860486e-20,0.08519429,0.094222516,0.22765714,0.25526482,5.1218014,0.009794043,8.52161e-10,0.0,0.0,0.0,0.88,99.999985,0.0,271.46002,271.46002,271.46002,271.45996,0.12043524,0.15624964,0.20272303,0.2510569,523.01465,1.65155,2.2424278,0.61991763,0.9641908,98870.56,306.86722,0.0,0.017999753,100771.45,933.3949,0.66662914,0.6030512,1.0059166,305.99146,304.81915,0.023925578,0.06560527,0.6306152,3.005871e-07,0.052295618,0.051448822,25.779934,43.9496,0.07317275,-94.95909,-1.5433558e-05,306.8009,302.7086,273.10086,0.17941558,1.1793617,-2.680233,1.0326813,1.7611761,0,1
2025-04-01,0.3431267,560.89795,0.14565188,-0.6181651,-0.62535,152.4227,165.43701,192.63388,3466.435,4856.097,32.27322000000004,301.84448,4.8155727,297.4661,299.4065,0.7781122,273.14954,-4.7141285e-20,0.07889143,0.08732957,0.24316677,0.27331674,5.5179834,0.016093757,4.5212325e-08,0.0,0.0,0.0,0.8800075,99.999985,0.0,271.46008,271.4602,271.45996,271.45996,0.13702506,0.15561974,0.19912636,0.24458456,700.303,1.6947832,2.457981,0.6247792,1.5381422,98880.67,306.71902,0.0,0.017999887,100785.03,946.15686,0.71365637,0.6016444,1.540103,306.3253,305.6078,0.042783618,0.12682295,0.6659702,6.9539965e-06,0.052948236,0.122356415,29.387138,45.59815,0.11445016,-97.23195,-1.9675543e-05,306.6878,303.9989,272.9597,0.1860024,1.1790593,-2.678276,1.061883,2.5296984,0,1
2025-05-01,2.3392795,386.53973,0.13655955,-0.70430493,-0.7100339,102.77733,110.57167,129.17662,2746.8308,4851.0996,30.44670000000002,301.56943,5.1237574,297.60345,299.39032,0.77805173,273.1496,-4.7895793e-20,0.06632921,0.07366582,0.25375763,0.28554016,5.0968103,0.045516115,3.2047137e-06,0.0,0.0,0.0,0.8800054,99.999985,0.0,271.4601,271.4601,271.4598,271.45996,0.19878173,0.1821518,0.20368677,0.23862731,818.50464,1.7480669,2.7010145,0.6954603,1.5313125,99124.66,304.90436,0.0,0.01800033,101039.34,780.0746,0.58547986,0.6828871,1.5234876,304.95386,305.16888,0.08290878,0.1773067,0.5035197,3.7182283e-05,0.053042017,0.20890808,33.20752,47.137306,0.107798696,-72.649414,-2.7188202e-05,304.5959,304.75217,272.92224,0.18636104,1.178029,-2.6702967,1.206871,2.5216208,0,0
2025-06-01,1.7560107999999999,271.61713,0.12665612,-0.77647245,-0.781877,68.54584,73.08333,86.2041,1898.6672,4751.679,28.724199999999996,300.90656,5.419362,297.7072,299.16385,0.77290606,273.1513,-3.9288397e-20,0.054226637,0.060209632,0.25900626,0.29156217,4.731144,0.06271782,9.573006e-07,0.0,0.0,0.0,0.8800043,99.999985,0.0,271.45996,271.45993,271.4598,271.45996,0.24609601,0.24117613,0.20507365,0.23421454,647.5167,1.7809505,2.8148012,0.7270899,1.4783201,99302.27,302.96295,0.0,0.017999817,101225.336,665.756,0.65488476,0.7174858,1.4820328,303.06262,303.52216,0.16954076,0.1916101,0.52809936,4.190355e-05,0.047591567,0.34031296,34.425896,46.680702,0.088779315,-51.40526,-3.3526063e-05,302.57556,304.46576,272.95053,0.183473,1.1780282,-2.6684923,1.3029369,2.5284138,0,0
2025-07-01,4.8071090000000005,124.79146,0.14001364,-0.8965001,-0.902044,4.182077,4.640252,8.41668,1000.78784,4797.112,27.06460000000004,299.27542,7.405752,297.53955,298.4151,0.74026406,273.14893,-1.4031833e-20,0.04689273,0.051889203,0.25926644,0.29204518,4.854273,0.27006078,1.1487686e-05,0.0,0.0,0.0,0.88000095,99.999985,0.0,271.46002,271.4605,271.45996,271.45996,0.31856292,0.2974143,0.22219461,0.23113096,269.17352,1.7803993,2.7834702,1.2849145,1.2841039,99436.2,300.98444,0.0,0.01800029,101368.26,574.0375,0.83988667,1.2682393,1.3228536,300.8305,301.86432,0.338197,0.3413188,0.6974271,0.00012832403,0.08907667,0.71642685,34.300117,43.7236,0.078235954,-25.908127,-3.7032478e-05,299.8417,303.60223,273.1253,0.17994815,1.1760638,-2.6358957,2.2306814,2.34021,0,0
2025-08-01,6.097599000000001,134.58203,0.12379086,-0.8257959,-0.8350007,2.9718676,3.7640839,9.875561,919.97485,4719.6973,26.336569999999995,298.8126,7.751192,297.50525,298.158,0.7285719,273.15085,-2.0356117e-21,0.044143993,0.04865303,0.25314546,0.28561434,4.453556,0.33822638,3.1499687e-05,0.0,0.0,0.0,0.88000196,99.999985,0.0,271.45993,271.4597,271.45984,271.45996,0.3576879,0.35167247,0.30190933,0.23702669,253.95172,1.7606947,2.6964693,1.0593696,1.1634932,99396.91,300.04193,0.0,0.018000089,101330.016,480.33667,0.84836113,1.0401797,1.188021,299.78705,300.56937,0.40007335,0.43360442,0.6699684,0.00013786515,0.07329406,0.7381134,33.1966,43.876167,0.07047222,-20.061783,-3.5867663e-05,298.91125,302.3105,273.14075,0.1750691,1.1756778,-2.6306753,1.8686247,2.1069336,0,0
2025-09-01,5.420191,146.39015,0.10226491,-0.7016554,-0.7146481,34.020798,37.28044,50.240433,1053.6257,4770.247,26.94380000000001,299.84924,6.496538,298.0995,298.85248,0.7239877,273.14996,-1.3224599e-21,0.04308247,0.04720503,0.2393071,0.27060333,3.9772148,0.21047914,9.730889e-06,0.0,0.0,0.0,0.8799968,99.999985,0.0,271.46,271.4599,271.45996,271.45996,0.3566504,0.3514281,0.32309973,0.25099647,609.83545,1.7934275,2.8401499,0.5698965,0.753001,99335.09,300.71982,0.0,0.018000182,101263.7,446.03174,0.7770766,0.55635285,0.79017603,300.41916,300.6168,0.24563748,0.29711014,0.65314114,0.000117286254,0.034828648,0.67178345,33.407578,44.369953,0.035511434,-29.88411,-4.0761144e-05,300.03214,301.39557,273.08368,0.16650745,1.176235,-2.6415062,1.004455,1.4265127,0,0
2025-10-01,2.9980163,342.55157,0.09329647,-0.38233525,-0.408368,137.2299,152.3833,189.77933,2249.3833,4735.076,27.801630000000046,300.48083,5.718934,298.40213,299.25122,0.72604346,273.15002,-4.343325e-21,0.04122132,0.044343688,0.21768552,0.2462512,3.8727303,0.10359895,4.9585915e-06,0.0,0.0,0.0,0.87999815,99.999985,0.0,271.45996,271.4599,271.45996,271.45996,0.3120954,0.3287651,0.33213902,0.26290214,704.36694,1.8208046,2.9654655,0.09799725,0.6354634,99214.07,301.27243,0.0,0.017999694,101136.3,471.5631,0.65944636,0.09957576,0.684716,301.0033,300.91696,0.12001115,0.1889658,0.569599,7.807452e-05,0.006747488,0.3436432,29.752861,43.240047,0.028136171,-39.17929,-4.1371735e-05,300.8824,301.06345,273.07584,0.1523031,1.1770204,-2.6574411,0.21906638,1.2535906,0,0
2025-11-01,0.021003943,560.3511,0.09059724,-0.28511155,-0.32469434,84.68994,101.95732,144.81161,4014.8164,4896.5566,29.447750000000042,299.67352,6.646469,298.13422,298.8325,0.726426,273.14978,-1.0800559e-20,0.043752957,0.04682776,0.20168075,0.22690979,3.9746494,0.030360619,1.7088496e-08,0.0,0.0,0.0,0.88000476,99.999985,0.0,271.46002,271.46,271.45996,271.45996,0.14967316,0.20375848,0.27214855,0.26299393,135.73407,1.7725005,2.7572508,0.037489355,0.03438312,99120.984,302.73187,0.0,0.018000912,101033.14,666.6509,0.39235938,0.07288581,0.007391276,302.3314,301.9735,0.030782627,0.048076414,0.34915882,4.550299e-07,-0.0060582235,0.08854294,22.567537,37.91104,-0.0018877089,-64.96124,-2.7050577e-05,302.69882,301.3197,273.09525,0.14298382,1.1793733,-2.6795864,0.12329798,0.081332564,0,0
2025-12-01,0.0013663448,603.17896,0.09277198,-0.4263293,-0.45561504,56.364014,71.817825,109.90346,5715.5244,4891.2124,29.891800000000046,298.48425,7.622388,297.6392,298.07343,0.72171736,273.15027,-1.2359399999999999e-20,0.054362655,0.05868685,0.1914711,0.2124899,4.046191,0.01682002,9.898088e-09,0.0,0.0,0.0,0.8800029,99.999985,0.0,271.46002,271.45993,271.46002,271.45996,0.12768175,0.16615117,0.23612636,0.2561661,96.22229,1.6867046,2.3658524,0.2026056,-0.4169523,99022.42,303.39398,0.0,0.018000066,100930.55,670.06494,0.42759317,0.25198114,-0.53312737,302.8427,302.46857,0.018372774,0.028222352,0.39696068,7.241579e-08,0.003176514,0.038505554,21.875027,38.843914,-0.022143062,-69.05211,-1.7773622e-05,303.1335,301.79355,273.11694,0.14056687,1.1793712,-2.6800327,0.37635016,-0.9355831,0,0
